Title	GenreCodes	GenreNames
1 Night in China	Q185529	pornographic film
1 Night in Paris	Q185529	pornographic film
100 Percent Grade-A Milf	Q185529	pornographic film
1000 Convicts and a Woman	Q2292320	sexploitation film
14 and Under	Q2275499	sex film
18 and Japanese #1	Q185529	pornographic film
1945 prede di guerra	Q185529	pornographic film
1999 AVN Awards	Q185529	pornographic film
2 - I, a Woman, Part II	Q2292320	sexploitation film
2040 2009	Q185529	pornographic film
2069: A Sex Odyssey	Q2275499, Q84041	sex film, Bavarian porn
21st Birthday Facial	Q114051112	POV pornographic film
24 Hours of Explicit Sex	Q185529, Q2292320	pornographic film, sexploitation film
24 XXX: An Axel Braun Parody	Q16254232, Q185529	pornographic parody film, pornographic film
30 Rock: A XXX Parody	Q16254232, Q185529	pornographic parody film, pornographic film
40 Years Old, My Wife with No Panties	Q185529	pornographic film
40 Years Old, Temptations of a Married Woman	Q185529	pornographic film
48 Hours of Hallucinatory Sex	Q185529, Q2292320	pornographic film, sexploitation film
4on1: Pissing, Drinking, DAP & DP, Tons of Pee Drinking, Farting Creampie and Plastered Face (GIO29)	Q185529	pornographic film
5 Bed Bunnies on the Loose	Q2275499	sex film
500 Person Sex	Q185529	pornographic film
70s Show: A XXX Parody	Q16254232, Q185529	pornographic parody film, pornographic film
9 1/2 Weeks: An Erotic XXX Parody	Q16254232	pornographic parody film
9 Lives of a Wet Pussy	Q185529	pornographic film
A Árvore dos Sexos	Q2292320	sexploitation film
A Clock Work Blue	Q2292320	sexploitation film
A Dirty Western	Q185529	pornographic film
A Documentary on the Making of 'Gore Vidal's Caligula	Q185529	pornographic film
A Free Ride	Q185529	pornographic film
A Gap in the Skin	Q1194365	pink film / pinku eiga
A Girl Called Jules	Q2275499	sex film
A Girls' Getaway	Q185529	pornographic film
A Gunman Called Papaco	Q185529	pornographic film
A History of the Blue Movie	Q185529	pornographic film
A L'Ecu d'Or ou la Bonne Auberge	Q185529	pornographic film
A Little Christmas Tail	Q185529	pornographic film
A Lonely Cow Weeps at Dawn	Q1194365	pink film / pinku eiga
A Love Story	Q185529	pornographic film
A Midsummer Night's Cream	Q185529	pornographic film
A Midsummer Night's Lewd Dream	Q128145358	gay pornographic film
A Mind's I	Q185529	pornographic film
A Night at the Adonis	Q128145358	gay pornographic film
A Saloon Wet with Beautiful Women	Q1194365, Q185529	pink film / pinku eiga, pornographic film
A Serbian Film	Q185529	pornographic film
A Snake of June	Q1194365	pink film / pinku eiga
A Summer in the Country	Q2275499	sex film
A Trailer Park Taboo	Q185529	pornographic film
A Very Debauched Girl	Q185529	pornographic film
A Wet Dream on Elm Street	Q16254232, Q185529	pornographic parody film, pornographic film
A Woman Called Sada Abe	Q1194365	pink film / pinku eiga
A Young Man's World	Q128145358	gay pornographic film
Aberraciones sexuales de una mujer casada	Q185529	pornographic film
Abgezockt & flachgelegt	Q185529	pornographic film
Abigail	Q185529	pornographic film
Abnormal Excitement: Nao Saejima	Q1194365	pink film / pinku eiga
Abnormal Family: Older Brother's Bride	Q1194365, Q185529	pink film / pinku eiga, pornographic film
Abnormal Rodeo Blues	Q1194365	pink film / pinku eiga
About Love 2	Q2991560	sex comedy
Absolutely Secret: Girl Torture	Q1194365	pink film / pinku eiga
Aching Wives: Continuous Adultery	Q1194365, Q185529	pink film / pinku eiga, pornographic film
Adam & Yves	Q128145358	gay pornographic film
Adipapam	Q185529	pornographic film
Adorable Lola	Q185529	pornographic film
Adrenaline	Q185529	pornographic film
Adriana Chechik Is The Squirt Queen	Q185529	pornographic film
Adriana Chechik: The Ultimate Slut	Q185529	pornographic film
Adult Bookmark: Close and Open	Q1194365	pink film / pinku eiga
Adulterous Wife's Dirty Afternoon	Q1194365, Q185529	pink film / pinku eiga, pornographic film
Adultery Diary: One More Time While I'm Still Wet	Q1194365, Q185529	pink film / pinku eiga, pornographic film
Adventure on the Orient Express	Q185529	pornographic film
Adventures of a Plumber's Mate	Q2275499	sex film
Aerobics Girls Club	Q185529	pornographic film
Afrodite Superstar	Q185529	pornographic film
After Dark	Q185529	pornographic film
Aftermath	Q185529	pornographic film
Agenor is Picking Up	Q185529	pornographic film
Agent 69 Jensen in the Sign of Sagittarius	Q185529	pornographic film
Aime... comme minet	Q185529	pornographic film
Airport Security 07	Q185529	pornographic film
Airport Security 08	Q185529	pornographic film
Airport Security 09	Q185529	pornographic film
Airport Security 6	Q185529	pornographic film
Akemi Bar: Happiness After Getting Moist	Q1194365	pink film / pinku eiga
Akiho Yoshizawa Temptation: Eating Me	Q1194365	pink film / pinku eiga
Akujo no irojikake: Kamotte kaikan!	Q1194365	pink film / pinku eiga
Alabama Jones and the Busty Crusade	Q185529	pornographic film
Alex de Renzy's Wild Things	Q185529	pornographic film
Alexis Texas Is Buttwoman	Q185529	pornographic film
Alice: A Fairy Love Tale	Q185529	pornographic film
Alice in Pornoland	Q16254232, Q185529	pornographic parody film, pornographic film
Alice in Wonderland	Q16254232, Q185529	pornographic parody film, pornographic film
All About Anna	Q185529	pornographic film
All About Jasmine	Q185529	pornographic film
All Natural Glamour Solos	Q125719481	lesbian pornographic film
All Roads Lead to Man	Q2275499	sex film
Alleycat Rock: Female Boss	Q1194365	pink film / pinku eiga
Alpine Glow in Dirndlrock	Q2275499, Q84041	sex film, Bavarian porn
Alpine Romance / Alice - Rent a Girl	Q185529	pornographic film
Am Abend	Q185529	pornographic film
Am Sklavenmarkt	Q185529	pornographic film
Amanda by Night	Q185529	pornographic film
Amazon Garden: Uniform Lesbians	Q1194365	pink film / pinku eiga
Amazon Jail	Q2275499	sex film
Ambiguous	Q1194365	pink film / pinku eiga
Ambush Massage 14	Q185529	pornographic film
Ambush Massage Vol. 25	Q185529	pornographic film
Ambush Massage Vol. 26	Q185529	pornographic film
American Dad XXX	Q16254232	pornographic parody film
American High School	Q2991560	sex comedy
American Hustle XXX	Q16254232, Q185529	pornographic parody film, pornographic film
American MILF	Q185529	pornographic film
American Pie	Q2991560	sex comedy
American Pie 2	Q2991560	sex comedy
American Pie Presents: Girls' Rules	Q2991560	sex comedy
American Reunion	Q2991560	sex comedy
American Wedding	Q2991560	sex comedy
Amor a la española	Q5969904	Q5969904
Amore & Psiche	Q185529	pornographic film
Amore & Psiche 2	Q185529	pornographic film
Amore libero - Free Love	Q2292320	sexploitation film
Amorous Adventures of Janette Littledove	Q185529	pornographic film
Amy Fisher Caught on Tape	Q185529	pornographic film
An American Buttman In London	Q185529	pornographic film
An American Werewolf in London XXX Porn Parody	Q16254232, Q185529	pornographic parody film, pornographic film
An Inconvenient Mistress	Q185529	pornographic film
An Open Invitation: A Real Swingers Party in San Francisco	Q185529	pornographic film
Anal Crush	Q185529	pornographic film
Analyzed Teens 2	Q185529	pornographic film
Anarchy in Japansuke	Q1194365	pink film / pinku eiga
Anatomy of Hell	Q185529	pornographic film
Anchorman: A XXX Parody	Q16254232, Q185529	pornographic parody film, pornographic film
Anchorwoman: A XXX Parody	Q185529	pornographic film
...And Give Us Our Daily Sex	Q2292320	sexploitation film
Andel's Story II: The Running of the Bulls	Q185529	pornographic film
Anetta	Q185529	pornographic film
Angel 1984	Q2292320	sexploitation film
Angel Guts	Q1194365	pink film / pinku eiga
Angel Guts: Red Classroom (film)	Q1194365, Q185529	pink film / pinku eiga, pornographic film
Angel of Death II	Q185529	pornographic film
Angel Perverse 8	Q185529	pornographic film
Angel Puss	Q185529	pornographic film
Angela	Q185529	pornographic film
Angela 2	Q185529	pornographic film
Angela White: Dark Side	Q185529	pornographic film
Angelica the Soldier of Joy	Q185529	pornographic film
Angels of Passion	Q185529	pornographic film
Anikka	Q185529	pornographic film
Animal Farm	Q185529	pornographic film
Animal Party	Q2991560	sex comedy
Anna Claire Clouds: Dark Side	Q185529	pornographic film
Annina Superstar	Q185529	pornographic film
Another Man's Wife	Q185529	pornographic film
Apartment Wife: Affair In the Afternoon	Q1194365	pink film / pinku eiga
Aphrodite: Goddess of Love	Q185529	pornographic film
Apocalipsis sexual	Q185529	pornographic film
Apocalypse X	Q16254232	pornographic parody film
Appare heels: Bikku-biku jorei bô	Q1194365	pink film / pinku eiga
ARA-186 Age: Occupation unknown (secret) Almost all mysterious beauty, Anna-chan visits! One thing you can see is that pheromones are appearing abnormally! The reason for applying is "I'm excited when people see me	Q1194365	pink film / pinku eiga
Arabesque	Q128145358	gay pornographic film
Arabian Nights	Q185529	pornographic film
Arcade on Route 9	Q128145358	gay pornographic film
Archer's Last Day	Q185529	pornographic film
Ariana Marie: A Little Bit Harder	Q185529	pornographic film
Army Girls	Q185529	pornographic film
Around the World in 80 Beds	Q2275499	sex film
As Long as One Is Intoxicated	Q2275499	sex film
Asa Akira Is Insatiable	Q185529	pornographic film
Asian 1 on 1	Q185529	pornographic film
Asian School Girls	Q2292320	sexploitation film
Asleep With His Cock Out	Q185529	pornographic film
Aspiring Home Tutor: Soiled Pure Whiteness	Q1194365, Q185529	pink film / pinku eiga, pornographic film
Ass Eaters Unanimous 16	Q185529	pornographic film
Ass Worship	Q185529	pornographic film
Ass Worship 10	Q185529	pornographic film
Ass Worship 11	Q185529	pornographic film
Ass Worship 16	Q185529	pornographic film
Ass Worship 18	Q185529	pornographic film
Ass Worship 19	Q185529	pornographic film
Ass Worship 2	Q185529	pornographic film
Ass Worship 3	Q185529	pornographic film
Ass Worship 4	Q185529	pornographic film
Ass Worship 5	Q185529	pornographic film
Ass Worship 6	Q185529	pornographic film
Ass Worship 7	Q185529	pornographic film
Ass Worship 8	Q185529	pornographic film
Ass Worship 9	Q185529	pornographic film
Assault! Jack the Ripper	Q1194365	pink film / pinku eiga
Asses Of Face Destruction 9	Q185529	pornographic film
Assficianado	Q185529	pornographic film
Assventure Time	Q185529	pornographic film
Attacked!!	Q1194365	pink film / pinku eiga
Audrey Hollander Learns Kelly Wells What Assfisting Is	Q185529	pornographic film
Aunt Peg	Q185529	pornographic film
Aunts in My Pants	Q185529	pornographic film
Austin Powers XXX: A Porn Parody	Q16254232	pornographic parody film
Avengers XXX – A Porn Parody	Q16254232, Q185529	pornographic parody film, pornographic film
Avenging Angel	Q2292320	sexploitation film
Awesome Abbie Returns	Q185529	pornographic film
Ayako Tachibana Wants to Go Viral	Q1194365	pink film / pinku eiga
B&B Family Business in Belgium	Q185529	pornographic film
Babewatch	Q185529	pornographic film
Baby Dolls Behind Bars	Q185529	pornographic film
Baby Face	Q10505214, Q185529	comedy porn film, pornographic film
Baby Face 2	Q10505214, Q185529	comedy porn film, pornographic film
Baby Sex - Forbidden Ground	Q2275499	sex film
Babysitters	Q185529	pornographic film
Babysitting The Baumgartners	Q185529	pornographic film
Backside to the Future	Q16254232, Q185529	pornographic parody film, pornographic film
Backside to the Future II	Q16254232, Q185529	pornographic parody film, pornographic film
Backstage Sluts 3	Q185529	pornographic film
Bad Babes Inc.	Q185529	pornographic film
Bad Boys Paying the Price	Q185529	pornographic film
Bad Sister	Q109733294	erotic thriller film
Bad Wives	Q185529	pornographic film
Baddat for lusat	Q185529	pornographic film
Bag Girls	Q185529	pornographic film
Baise-moi	Q185529	pornographic film
Ball Busters	Q185529	pornographic film
Bandit Love	Q109733294	erotic thriller film
Banned Book: Flesh Futon	Q1194365	pink film / pinku eiga
Barbara Broadcast	Q185529	pornographic film
Barbara the Barbarian	Q185529	pornographic film
Barbarella XXX: An Axel Braun Parody	Q16254232, Q185529	pornographic parody film, pornographic film
Barbed Wire Dolls	Q2275499, Q2292320	sex film, sexploitation film
Barcelona Sex Project	Q185529	pornographic film
Bare Behind Bars	Q2292320	sexploitation film
Bare Witness	Q185529	pornographic film
Barefoot Confidential	Q185529	pornographic film
Barely Legal 1	Q185529	pornographic film
Barely Legal 174: Pop Stars	Q185529	pornographic film
Bat Pussy	Q16254232, Q185529	pornographic parody film, pornographic film
BatfXXX: Dark Night Parody	Q16254232, Q185529	pornographic parody film, pornographic film
Batgirl XXX: An Extreme Comixxx Parody	Q16254232, Q185529	pornographic parody film, pornographic film
Batman v. Superman XXX: An Axel Braun Parody	Q16254232	pornographic parody film
Batman XXX: A Porn Parody	Q16254232, Q185529	pornographic parody film, pornographic film
Be Mine	Q185529	pornographic film
Beads from a Petal	Q1194365	pink film / pinku eiga
Bear Oasis	Q128145358	gay pornographic film
Beautiful	Q185529	pornographic film
Beautiful Lesbian Sisters: On the Day of Mourning...	Q1194365	pink film / pinku eiga
Beautiful Mystery	Q1194365	pink film / pinku eiga
Beauty and the Beast	Q185529	pornographic film
Beauty and the Beast 2	Q185529	pornographic film
Beauty and the Beast XXX	Q16254232	pornographic parody film
Beauty's Exotic Dance: Torture!	Q1194365	pink film / pinku eiga
Bed Dance	Q1194365	pink film / pinku eiga
Bed Hostesses	Q2275499	sex film
Bedside Dentist	Q2275499	sex film
Bedtime Stories for Grownups	Q2275499	sex film
Behind the Green Door	Q185529	pornographic film
Behind the Green Door: the Sequel	Q185529	pornographic film
Bei Anruf Liebe	Q2275499	sex film
Being with Juli Ashton	Q16254232, Q185529	pornographic parody film, pornographic film
Bel Ami	Q185529	pornographic film
Bella Loves Jenna	Q185529	pornographic film
Belladonna: No Warning	Q185529	pornographic film
Belladonna: No Warning 2	Q185529	pornographic film
Belladonna's Fucking Girls	Q185529	pornographic film
Belladonna's Spontaneass	Q185529	pornographic film
Bellas de noche	Q2292320	sexploitation film
Bend Over Boyfriend 2	Q185529	pornographic film
Beneath the Valley of the Ultra-Vixens	Q2292320	sexploitation film
Besonders wertvoll	Q185529	pornographic film
Best Friend's Wife: The Black Panties of a Secret Rendezvous	Q1194365, Q185529	pink film / pinku eiga, pornographic film
Best New Starlets 2012	Q185529	pornographic film
Bestial Intimacy of My Wife	Q185529	pornographic film
Betrayal	Q185529	pornographic film
Betrayed by Beauty	Q185529	pornographic film
Between the Covers	Q2275499	sex film
Beverly Hills Cox	Q185529	pornographic film
Beyond the Valley of the Dolls	Q2292320	sexploitation film
Bi Maxx 48	Q185529	pornographic film
Bibi: Confessions of Sweet Sixteen	Q2292320	sexploitation film
Big Bang Theory XXX Parody	Q16254232, Q185529	pornographic parody film, pornographic film
Big Black Cock 3	Q185529	pornographic film
Big Booty 4th of July Celebration	Q185529	pornographic film
Big Bottom Sadie	Q185529	pornographic film
Big Computer	Q1194365	pink film / pinku eiga
Big Guns	Q128145358	gay pornographic film
Big Tit Sisters: Blow Through the Valley	Q1194365, Q185529	pink film / pinku eiga, pornographic film
Big Tits in Uniform	Q185529	pornographic film
Bigfoot vs. D.B. Cooper vs. Jackson	Q2292320	sexploitation film
Bikini Cavegirl	Q185529	pornographic film
Billionaire	Q185529	pornographic film
Binyû tanbô: Furachi na tabiji	Q1194365	pink film / pinku eiga
Birth 2024	Q185529	pornographic film
Birth Control Revolution	Q1194365, Q185529	pink film / pinku eiga, pornographic film
BiSex Party 30: Bi Gladiator	Q185529	pornographic film
BiSex Party Vol. 35: Bi-High-Life	Q185529	pornographic film
Bitches Abroad 03: Foreign Affairs	Q185529	pornographic film
Bitches Abroad 6: Czech in & Get Anal	Q185529	pornographic film
Bitter Sweet	Q1194365	pink film / pinku eiga
Bittersweet Love	Q2275499	sex film
Black Aphrodite	Q2292320	sexploitation film
Black Busters: 5 on1 Bree Haze Interracial	Q185529	pornographic film
Black Emanuelle	Q185529, Q2292320	pornographic film, sexploitation film
Black Emanuelle 2	Q2292320	sexploitation film
Black Mama White Mama	Q2292320	sexploitation film
Black Snake	Q2292320	sexploitation film
Black Tears	Q1194365	pink film / pinku eiga
Black Throat	Q185529	pornographic film
Black Venus	Q2292320	sexploitation film
Black Widow XXX: An Axel Braun Parody	Q16254232	pornographic parody film
Blacked Raw V15	Q185529	pornographic film
Blame It on Ginger	Q185529	pornographic film
Blanche-Fesse et les Sept Mains	Q16254232	pornographic parody film
Blaze Starr Goes Nudist	Q2292320	sexploitation film
Blind Love	Q1194365, Q185529	pink film / pinku eiga, pornographic film
Blissful Genuine Sex: Penetration!	Q1194365, Q185529	pink film / pinku eiga, pornographic film
Blockers	Q2991560	sex comedy
Blond & Brunettes	Q185529	pornographic film
Blood Countess	Q185529	pornographic film
Blood Countess 2	Q185529	pornographic film
Blood Lake	Q185529	pornographic film
Blow Me Sandwich	Q185529	pornographic film
Blow Me Sandwich 10	Q185529	pornographic film
Blow Me Sandwich 11	Q185529	pornographic film
Blow Me Sandwich 12	Q185529	pornographic film
Blow Me Sandwich 13	Q185529	pornographic film
Blow Me Sandwich 14	Q185529	pornographic film
Blow Me Sandwich 16	Q185529	pornographic film
Blow Me Sandwich 2	Q185529	pornographic film
Blow Me Sandwich 3	Q185529	pornographic film
Blow Me Sandwich 4	Q185529	pornographic film
Blow Me Sandwich 5	Q185529	pornographic film
Blow Me Sandwich 6	Q185529	pornographic film
Blow Me Sandwich 7	Q185529	pornographic film
Blow Me Sandwich 8	Q185529	pornographic film
Blow Me Sandwich 9	Q185529	pornographic film
Blue Erotic Climax	Q185529	pornographic film
Blue Film: Estimation	Q1194365, Q185529	pink film / pinku eiga, pornographic film
Blue Film Woman	Q1194365	pink film / pinku eiga
Blue Jeans	Q185529	pornographic film
Blue Money	Q2292320	sexploitation film
Blue Movie	Q185529	pornographic film
Blue Velvet	Q109733294	erotic thriller film
Bob's Boners	Q185529	pornographic film
Bob's Boners and Other Porn Parodies	Q185529	pornographic film
Bobby Sox	Q185529	pornographic film
Body and Soul	Q185529	pornographic film
Body Chemistry 4: Full Exposure	Q109733294	erotic thriller film
Body Double	Q109733294	erotic thriller film
Body Girls	Q185529	pornographic film
Body Heat	Q185529	pornographic film
Body Love	Q185529	pornographic film
Body of Influence	Q109733294	erotic thriller film
Body of Influence 2	Q109733294	erotic thriller film
Bolero	Q185529, Q2292320	pornographic film, sexploitation film
Bon Appétit	Q185529	pornographic film
Bonesaw	Q128145358	gay pornographic film
Boobwatch	Q185529	pornographic film
Boobwatch 3: Land Ho'	Q185529	pornographic film
Boooty Shop	Q185529	pornographic film
Bordellet	Q2275499	sex film
Borderline	Q185529	pornographic film
Bound Heat - The Final Victim	Q185529	pornographic film
Bound Tears	Q185529	pornographic film
Boy Fucks Girl 2	Q185529	pornographic film
Boyfriend Payback	Q185529	pornographic film
Boys in the Sand	Q128145358	gay pornographic film
Breaking Bad XXX	Q185529	pornographic film
Breaking It	Q185529	pornographic film
Breaking Point	Q185529	pornographic film
Breathless	Q185529	pornographic film
Briana Loves Jenna	Q185529	pornographic film
Brianna Love Is Buttwoman	Q185529	pornographic film
Bride at Any Cost	Q2991560	sex comedy
Bridesmaids	Q185529	pornographic film
Brigade Anti-Sex	Q2292320	sexploitation film
Bring the Little Pigs	Q2991560	sex comedy
Brit School Brats	Q185529	pornographic film
Britney Rears	Q16254232	pornographic parody film
Buffy the Vampire Slayer XXX: A Parody	Q16254232, Q185529	pornographic parody film, pornographic film
Burlesque in Harlem	Q2292320	sexploitation film
Burn 2008	Q185529	pornographic film
Bust Out	Q2292320	sexploitation film
Butt Fuck Me 4	Q185529	pornographic film
Butterflies	Q185529	pornographic film
Buttman in the Crack	Q185529	pornographic film
Buttman's British Moderately Big Tit Adventure	Q185529	pornographic film
Buttman's European Vacation	Q185529	pornographic film
Buttman's Toy Stories	Q185529	pornographic film
Buttslammers 16	Q185529	pornographic film
Buttslammers 21	Q185529	pornographic film
Buttslammers 4: Down & Dirty	Q185529	pornographic film
Byleth: The Demon of Incest	Q2275499	sex film
C.O.D.	Q2275499	sex film
Cabaret Desire	Q185529	pornographic film
Café Flesh	Q185529	pornographic film
Cafe Flesh 2	Q185529	pornographic film
Cafe Flesh 3	Q185529	pornographic film
Caged Heat	Q2292320	sexploitation film
Caged Women	Q2275499	sex film
California Kings	Q128145358	gay pornographic film
Caligola: Follia del potere	Q185529	pornographic film
Caligola - La storia mai raccontata	Q185529	pornographic film
Caligula	Q185529	pornographic film
Call Girl	Q2292320	sexploitation film
Call Me Mother	Q185529	pornographic film
Calling a Gigolo	Q185529	pornographic film
Camille 2000	Q2292320	sexploitation film
Camp Cuddly Pines Powertool Massacre	Q16254232, Q185529	pornographic parody film, pornographic film
Campus Swingers	Q2275499	sex film
Can't Buy Me Love	Q2991560	sex comedy
Candido Erotico	Q2991565	commedia sexy all'italiana
Candy Goes to Hollywood	Q185529	pornographic film
Candy Stripers	Q185529	pornographic film
Cannibalism: The Last Supper	Q185529	pornographic film
Captain America XXX: An Axel Braun Parody	Q16254232	pornographic parody film
Captain Marvel XXX: An Axel Braun Parody	Q16254232, Q185529	pornographic parody film, pornographic film
Car Wash Girls	Q185529	pornographic film
Car Wash Girls 2	Q185529	pornographic film
Cara Maestra!	Q185529	pornographic film
Cara Maestra! 2	Q185529	pornographic film
Carne 1968	Q2292320	sexploitation film
Carolina Jones and the Broken Covenant	Q16254232, Q185529	pornographic parody film, pornographic film
Carry On Emmannuelle	Q2991560	sex comedy
Carry On Girls	Q2991560	sex comedy
Case of the Full Moon Murders	Q2292320	sexploitation film
Casey: A True Story	Q185529	pornographic film
Casino 45	Q185529	pornographic film
Casino - No Limit	Q185529	pornographic film
Castle Orgies	Q1194365	pink film / pinku eiga
Cat girls	Q185529	pornographic film
Catherine & Co.	Q2275499	sex film
Catherine, the Naked Queen	Q185529	pornographic film
Caught Up In Abella	Q185529	pornographic film
Celebrity Pornhab with Dr. Screw	Q16254232, Q185529	pornographic parody film, pornographic film
Celestine, Maid at Your Service	Q2275499	sex film
Cellar Dweller	Q185529	pornographic film
Cellar Dweller 3	Q185529	pornographic film
Cellar Dweller 4	Q185529	pornographic film
Centurians of Rome	Q128145358	gay pornographic film
Ceylon My Love	Q2275499	sex film
Chained Girls	Q2292320	sexploitation film
Chained Heat	Q2292320	sexploitation film
Chained Heat 3: Hell Mountain	Q185529	pornographic film
Chained Heat II	Q185529	pornographic film
Chameleons	Q185529	pornographic film
Charley's Nieces	Q2275499	sex film
Chastity Johnson	Q185529	pornographic film
Chatterbox	Q2991560	sex comedy
Cheeks 2: Bitter End	Q185529	pornographic film
Cheerleaders	Q185529	pornographic film
Chemistry	Q185529	pornographic film
Cherry	Q185529	pornographic film
Cherry, Harry & Raquel!	Q2292320	sexploitation film
Chikan densha: Kuikomi yume (dream) match	Q1194365	pink film / pinku eiga
Chikan densha: Yume miru momoiro nasubi	Q1194365	pink film / pinku eiga
Chôhatsu delivery: Dare ni mo ienai ura menu	Q1194365	pink film / pinku eiga
Christophe	Q128145358	gay pornographic film
Cinderella 2000	Q2275499	sex film
Cinderella XXX: An Axel Braun Parody	Q16254232, Q185529	pornographic parody film, pornographic film
Cindy 1998	Q185529	pornographic film
Cindy and Donna	Q2292320	sexploitation film
Cindy's Love Games	Q2275499, Q2991565	sex film, commedia sexy all'italiana
Circle of Deceit	Q185529	pornographic film
Citizen Shane	Q185529	pornographic film
Claire Castel: The Chambermaid	Q185529	pornographic film
Claire: Desires of Submission	Q185529	pornographic film
Classroom Intimacies	Q2275499	sex film
Clattering Chastity Belts	Q2275499	sex film
Cleopatra	Q185529	pornographic film
Clerks XXX – A Porn Parody	Q16254232	pornographic parody film
Clinic Exclusive	Q2292320	sexploitation film
Clockwork Orgy	Q16254232, Q185529	pornographic parody film, pornographic film
Cloistered Nun: Runa's Confession	Q1194365	pink film / pinku eiga
Club Sin	Q185529	pornographic film
Clusterfuck 5	Q185529	pornographic film
Co-Ed Fever	Q10505214, Q185529	comedy porn film, pornographic film
Cockateer	Q185529	pornographic film
Code of Honor	Q185529	pornographic film
Coed Report: Yuko's White Breasts	Q1194365, Q185529	pink film / pinku eiga, pornographic film
Coeds 1996	Q185529	pornographic film
Come Deadly	Q185529	pornographic film
Come Play with Me	Q185529	pornographic film
Coming Home	Q185529	pornographic film
Commuter Husbands	Q2292320	sexploitation film
Computerized Sex Cravings	Q185529	pornographic film
Confessions of a Cheating Housewife	Q185529	pornographic film
Confessions of a College Girl	Q2275499	sex film
Confessions of a Male Escort	Q2275499	sex film
Confessions of the Sex Slaves	Q2292320	sexploitation film
Conquest	Q185529	pornographic film
Constance	Q185529	pornographic film
Continuous Adultery 2: A Portrait of Incest between Sisters	Q1194365, Q185529	pink film / pinku eiga, pornographic film
Convent of Sinners	Q2292320	sexploitation film
Cool It Carol!	Q2275499	sex film
Corpi nudi	Q185529	pornographic film
Corruption	Q185529	pornographic film
Cougar Queen: A Tiger King Parody	Q125719481, Q16254232	lesbian pornographic film, pornographic parody film
Countess Gamiani	Q185529	pornographic film
Couples Camp	Q185529	pornographic film
Crazy Fruit	Q1194365, Q185529	pink film / pinku eiga, pornographic film
Crisis bij F.C. De Kapoenen	Q185529	pornographic film
Cruel Map of Women's Bodies	Q1194365, Q185529	pink film / pinku eiga, pornographic film
Cruelty: Black Rose Torture	Q1194365, Q185529	pink film / pinku eiga, pornographic film
Cry Wolf	Q185529	pornographic film
Crying Free Sex	Q185529, Q2991560	pornographic film, sex comedy
Cuando los maridos se iban a la guerra	Q2991560	sex comedy
Cum Swallowing Whores	Q185529	pornographic film
Cum Swallowing Whores 2	Q185529	pornographic film
Cumless: A Digital Playground XXX Parody	Q16254232, Q185529	pornographic parody film, pornographic film
Cumshitters	Q185529	pornographic film
Cuore di mamma	Q185529	pornographic film
Cuore di pietra	Q185529	pornographic film
Curse Eternal	Q185529	pornographic film
Daddy, Darling	Q2292320	sexploitation film
Daddy I'm A Pornstar Now!	Q185529	pornographic film
Daddy's Dick in Hand	Q128145358	gay pornographic film
Daddy, Why Are You Angry	Q2275499	sex film
Dagmar's Hot Pants, Inc.	Q2275499	sex film
Dallas XXX – A Parody	Q16254232, Q185529	pornographic parody film, pornographic film
Dangerous Liaisons	Q128145358	gay pornographic film
Dangerous Things	Q185529	pornographic film
Dani 2012	Q185529	pornographic film
Dani Daniels: Dare	Q185529	pornographic film
Danish Pastries	Q185529, Q2275499	pornographic film, sex film
Dark Angel	Q185529	pornographic film
Dark Angels	Q185529	pornographic film
Dark Dreams: More Dirty Fantasies	Q185529	pornographic film
Das liebestolle Internat	Q2275499	sex film
Daughters of Emmanuelle	Q185529	pornographic film
Daydream	Q1194365, Q185529	pink film / pinku eiga, pornographic film
Deadly Illusions	Q109733294	erotic thriller film
Deadly Weapons	Q2292320	sexploitation film
Deadpool XXX: A Porn Parody	Q185529	pornographic film
Deadpool XXX: An Axel Braun Parody	Q16254232	pornographic parody film
Debbie Does Dallas ... Again	Q185529	pornographic film
Decameron II	Q2275499	sex film
Decameron: Two Naughty Tales	Q185529	pornographic film
Deep in the Valley	Q2991560	sex comedy
Deep Inside Traci	Q185529	pornographic film
Deep Throat	Q185529	pornographic film
Deep Throat II	Q185529	pornographic film
Deep Throat III	Q185529	pornographic film
Deep Throat in Tokyo	Q1194365	pink film / pinku eiga
Deep Throat Part II	Q185529	pornographic film
Dekotora Gal: Angelic Seduction	Q1194365	pink film / pinku eiga
Delirious Women	Q185529, Q2275499	pornographic film, sex film
Depraved Fantasies	Q185529	pornographic film
Depraved Fantasies 2	Q185529	pornographic film
Depraved Fantasies 3	Q185529	pornographic film
Depraved Fantasies 4: The Undead	Q185529	pornographic film
Depraved Fantasies 5	Q185529	pornographic film
Depraved Fantasies 6	Q185529	pornographic film
Depraved Fantasies 7	Q185529	pornographic film
Der Boss	Q185529	pornographic film
Der lüsterne Türke	Q185529	pornographic film
Der Maa vaere in Sengekant	Q185529	pornographic film
Der Ohrenwurm	Q128145358, Q128150456	gay pornographic film, queer porn film
Der Todesengel	Q185529	pornographic film
Desire 1981	Q185529	pornographic film
Desperately Seeking Shay	Q185529	pornographic film
Destricted	Q185529	pornographic film
Deuce Bigalow: Male Gigolo	Q2991560	sex comedy
Deviance	Q185529	pornographic film
Devil In The Flesh	Q185529	pornographic film
Diakopes stin Ydra	Q185529	pornographic film
Diary of a Nanny 1	Q185529	pornographic film
Diary of a Nanny 2	Q185529	pornographic film
Diary of a Nanny 3	Q185529	pornographic film
Diary of a Nanny 4	Q185529	pornographic film
Diary of a Nanny 5	Q185529	pornographic film
Diary of a Nudist	Q2292320	sexploitation film
Die 8. Sünde	Q185529	pornographic film
Die liebestollen Lederhosen	Q2275499, Q84041	sex film, Bavarian porn
Die Rivalin	Q185529	pornographic film
Die versaute Chefin	Q185529	pornographic film
Diplomarbeit Ficken	Q185529	pornographic film
Dirty 30's 6	Q185529	pornographic film
Dirty Diaries	Q185529	pornographic film
Dirty Lovers	Q2275499	sex film
Dirty Peep Show	Q185529	pornographic film
Dirty Santa	Q185529	pornographic film
Disappeared on Arrival: Part 2	Q185529	pornographic film
Disco Sex	Q16254232	pornographic parody film
DNA 2016	Q185529	pornographic film
Do or Die	Q2292320	sexploitation film
Doctor Whore Porn Parody	Q16254232, Q185529	pornographic parody film, pornographic film
Dog Walker	Q185529	pornographic film
Dog World	Q185529	pornographic film
Dogarama	Q185529	pornographic film
Don't Change Hands	Q185529	pornographic film
Donkey Punch	Q185529	pornographic film
Dorcel Airlines: First Class	Q185529	pornographic film
Dorcel Airlines Flight No. DP 69	Q185529	pornographic film
Dorcel Airlines: Indecent Flight Attendants	Q185529	pornographic film
Dorcel Airlines: Sexual Stopovers	Q185529	pornographic film
Dôsei-sei katsu: Chibu to anata to...	Q1194365	pink film / pinku eiga
Double 0 Blonde	Q16254232, Q185529	pornographic parody film, pornographic film
Double Agent 73	Q2292320	sexploitation film
Double Anal Sluts	Q185529	pornographic film
Double Dare	Q185529	pornographic film
Double Netorare: Otoko 2 × Onna 2 no Yume to Genjitsu	Q1194365	pink film / pinku eiga
Down on Abby	Q16254232	pornographic parody film
Downtown	Q2275499	sex film
DP Me 1	Q185529	pornographic film
Dr. Minx	Q2292320	sexploitation film
Dracula	Q185529	pornographic film
Dracula Sucks	Q16254232, Q185529, Q2275499	pornographic parody film, pornographic film, sex film
Dream Quest	Q185529	pornographic film
Dream Team	Q128145358	gay pornographic film
Dreams in the Forbidden Zone	Q185529	pornographic film
Drei Dirndl in Paris	Q2275499, Q84041	sex film, Bavarian porn
Dripping Wet	Q185529	pornographic film
Drive 2019	Q185529	pornographic film
Drunk Sex Orgy: Blue Jeans Babes	Q185529	pornographic film
Drunk Sex Orgy: Bride Bang	Q185529	pornographic film
Drunk Sex Orgy: Cunts and Cocktails	Q185529	pornographic film
Drunk Sex Orgy: Eurobabe Olympics	Q185529	pornographic film
Drunk Sex Orgy: Fucktoberfest	Q185529	pornographic film
Drunk Sex Orgy: International Summer Fuckers	Q185529	pornographic film
Drunk Sex Orgy: Kickbox Cumbath	Q185529	pornographic film
Drunk Sex Orgy: October Fuck	Q185529	pornographic film
Drunk Sex Orgy: Porno Pop	Q185529	pornographic film
Drunk Sex Orgy: Pussy Blizzard	Q185529	pornographic film
Drunk Sex Orgy: Pussy Casino	Q185529	pornographic film
Drunk Sex Orgy: Sex Games	Q185529	pornographic film
Drunk Sex Orgy: Spring Break!	Q185529	pornographic film
Drunk Sex Orgy: Swingers Ball	Q185529	pornographic film
Du boudoir au trottoir	Q185529	pornographic film
Dual Identity	Q185529	pornographic film
DXK 2011	Q16254232	pornographic parody film
E.T. XXX – A Dreamzone Parody	Q16254232	pornographic parody film
Echoes	Q128145358	gay pornographic film
Ecstasy of the Angels	Q1194365, Q185529	pink film / pinku eiga, pornographic film
Educating Mandy	Q185529	pornographic film
Educating Tricia	Q185529	pornographic film
Edward Penishands	Q16254232, Q185529	pornographic parody film, pornographic film
Edward Penishands 2	Q16254232, Q185529	pornographic parody film, pornographic film
Edward Penishands 3	Q16254232, Q185529	pornographic parody film, pornographic film
Eighteen Year-Old, Uniform's Breast	Q1194365, Q185529	pink film / pinku eiga, pornographic film
El fascista, doña Pura y el follón de la escultura	Q2991560	sex comedy
El mirón y la exhibicionista	Q185529	pornographic film
El Paso Wrecking Corp.	Q128145358	gay pornographic film
El Satario	Q185529	pornographic film
El Sexo Sentido	Q5769572	Mexican sex comedy
Elvis XXX – A Porn Parody	Q16254232, Q185529	pornographic parody film, pornographic film
Emanuelle 3	Q185529	pornographic film
Emanuelle and Joanna	Q2275499	sex film
Emanuelle and the Last Cannibals	Q2292320	sexploitation film
Emanuelle and the White Slave Trade	Q2292320	sexploitation film
Emanuelle Around the World	Q185529, Q2292320	pornographic film, sexploitation film
Emanuelle Escapes from Hell	Q2292320	sexploitation film
Emanuelle in America	Q185529, Q2292320	pornographic film, sexploitation film
Emanuelle in Bangkok	Q2292320	sexploitation film
Emanuelle in the Country	Q2275499	sex film
Emanuelle's Revenge	Q3461143	BDSM-themed film
Emmanuelle	Q2292320	sexploitation film
Emmanuelle 4	Q185529	pornographic film
Emmanuelle 5	Q185529	pornographic film
Emmanuelle 7	Q185529	pornographic film
Emmanuelle Goes to Cannes	Q185529	pornographic film
Emoções Sexuais de um Jegu	Q185529	pornographic film
Emperor	Q185529	pornographic film
Emperor Tomato Ketchup	Q185529	pornographic film
Empty Room	Q1194365, Q185529	pink film / pinku eiga, pornographic film
End Of The World	Q1194365	pink film / pinku eiga
Endless Lust: Make Me Squirm!	Q1194365	pink film / pinku eiga
Entrails of a Virgin	Q1194365	pink film / pinku eiga
Entrapments	Q185529	pornographic film
Epic Global Orgies	Q185529	pornographic film
Équation à un inconnu	Q128145358	gay pornographic film
Eros School: Feels So Good	Q1194365	pink film / pinku eiga
Erotic Adventures of Little Red Riding Hood	Q16254232, Q185529	pornographic parody film, pornographic film
Erotic Delights	Q185529	pornographic film
Erotic Diary of a Lumberjack	Q2275499	sex film
Erotic Diary of an Office Lady	Q1194365, Q185529	pink film / pinku eiga, pornographic film
Erotic Family	Q2991565	commedia sexy all'italiana
Erotic Nights of the Living Dead	Q185529, Q2292320	pornographic film, sexploitation film
Erotic Sex Games	Q2275499	sex film
Erotique Expressions	Q185529	pornographic film
Erotomania	Q2991560	sex comedy
Escape from Camp Conversion	Q125719481	lesbian pornographic film
Escape from Pleasure Planet	Q2275499	sex film
Essentially Dee	Q185529	pornographic film
Eternal Love	Q185529	pornographic film
Eternity	Q185529	pornographic film
Euphoria	Q185529	pornographic film
Euro 2008	Q185529	pornographic film
Euro Sluts 9: My Friends...	Q185529	pornographic film
Euroflesh 14: Rocco Unleashed	Q185529	pornographic film
Euroglam 3: An American In Europe	Q185529	pornographic film
Euroglam 4: An American In Europe: Final Chapter	Q185529	pornographic film
Euroglam Budapest 2: Nikki Blonde	Q185529	pornographic film
Euroglam Budapest: Wanda Curtis	Q185529	pornographic film
Eva Angelina	Q185529	pornographic film
Evalutionary	Q185529	pornographic film
Evalutionary 2	Q185529	pornographic film
Eveready Harton in Buried Treasure	Q4373044	cartoon pornography
Every Woman Has a Fantasy	Q185529	pornographic film
Every Woman Has A Fantasy 3	Q185529	pornographic film
Evil Anal	Q185529	pornographic film
Evil Anal 2	Q185529	pornographic film
Evil Come, Evil Go	Q2292320	sexploitation film
Evil Head	Q16254232, Q185529	pornographic parody film, pornographic film
Evil Pink 1	Q185529	pornographic film
Evil Toons	Q2292320	sexploitation film
Exciting Love Girls	Q185529	pornographic film
Excuse Me... 1	Q185529	pornographic film
Exhibition	Q185529	pornographic film
Experiences	Q185529	pornographic film
Exponerad	Q2292320	sexploitation film
Extreme Anal ASSpirations	Q185529	pornographic film
Exxcursionistas Calientes	Q185529	pornographic film
Eyes of a Stranger	Q128145358	gay pornographic film
F.C. De Kapoenen 3	Q185529	pornographic film
F.C. de Kapoenen 4	Q185529	pornographic film
Fäbodjäntan	Q185529	pornographic film
Facialized 2	Q185529	pornographic film
Facialized 3	Q185529	pornographic film
Facialized 4	Q185529	pornographic film
Facialized 7	Q185529	pornographic film
Fade to Black	Q185529	pornographic film
Fairy in a Cage	Q1194365	pink film / pinku eiga
Fall for Me	Q109733294	erotic thriller film
Fallen	Q185529	pornographic film
Falling From Grace	Q185529	pornographic film
Fallo da rigore	Q185529	pornographic film
Familie Matuscheck	Q185529	pornographic film
Family Bestial Games	Q185529	pornographic film
Family Guy: The XXX Parody	Q185529	pornographic film
Fanny Hill Meets Dr. Erotico	Q2275499	sex film
Fanny's Hill	Q128145862, Q128151033, Q128155184	gay erotic film, LGBT erotic film, queer erotic film
Fantasm Comes Again	Q185529	pornographic film
Fantasy Factory: Wastelands	Q185529	pornographic film
Fap to the Future: The XXX Parody	Q16254232, Q185529	pornographic parody film, pornographic film
Farmer's Daughters	Q185529	pornographic film
Farrah Superstar: Backdoor Teen Mom	Q185529	pornographic film
Fascinating Young Hostess: Sexy Thighs	Q1194365, Q185529	pink film / pinku eiga, pornographic film
Fascination: Portrait of a Lady	Q1194365	pink film / pinku eiga
Fashionistas Lost	Q185529	pornographic film
Fashionistas Safado: Berlin	Q185529	pornographic film
Fashionistas Safado: The Challenge	Q185529	pornographic film
Faster, Pussycat! Kill! Kill!	Q2292320	sexploitation film
Faust 2002	Q185529	pornographic film
Fear 2007	Q185529	pornographic film
Febbre a 40!	Q2991560	sex comedy
Feel So Tawawa	Q1194365	pink film / pinku eiga
Felicity	Q2292320	sexploitation film
Female Cats	Q1194365	pink film / pinku eiga
Female Convict 101: Suck	Q1194365	pink film / pinku eiga
Female Convict Scorpion: Beast Stable	Q1194365	pink film / pinku eiga
Female Convict Scorpion: Jailhouse 41	Q1194365	pink film / pinku eiga
Female Ninja Magic: 100 Trampled Flowers	Q1194365, Q185529	pink film / pinku eiga, pornographic film
Female Prisoner 701: Scorpion	Q1194365	pink film / pinku eiga
Female Vampire	Q2292320	sexploitation film
Female Yakuza Tale: Inquisition and Torture	Q1194365, Q185529	pink film / pinku eiga, pornographic film
Femmes de Sade	Q185529	pornographic film
Fermo posta Tinto Brass	Q2991560	sex comedy
Fetish: Are You Human?	Q185529	pornographic film
Fetish Circus	Q185529	pornographic film
Fetish: I Know Your Dreams	Q185529	pornographic film
Fetish: The Dream Scape	Q185529	pornographic film
FFMM straight / queer doggy BJ ORAL orgasm squirting ROYALE (gebührenfinanziert)	Q185529	pornographic film
Fiebre	Q2292320	sexploitation film
Fifty Shades Freed	Q3461143	BDSM-themed film
Fifty Shades of Grey	Q3461143	BDSM-themed film
Fifty Shades of Grey: A XXX Adaptation	Q16254232, Q185529, Q3461143	pornographic parody film, pornographic film, BDSM-themed film
Fighters	Q185529	pornographic film
Fiona on Fire	Q185529, Q2275499	pornographic film, sex film
Firestorm	Q185529	pornographic film
Fit to Kill	Q2292320	sexploitation film
Five Hot Stories For Her	Q185529	pornographic film
Flashpoint	Q185529	pornographic film
Flesh Girls	Q185529	pornographic film
Flesh Gordon	Q2292320	sexploitation film
Flesh Gordon Meets the Cosmic Cheerleaders	Q2275499	sex film
Flesh Hunter 5	Q185529	pornographic film
Flesh Hunter 7	Q185529	pornographic film
Flesh Market	Q1194365	pink film / pinku eiga
Flight Attendants	Q185529	pornographic film
Flower and Snake	Q1194365	pink film / pinku eiga
Flowers Grow Here	Q1194365	pink film / pinku eiga
Fluff and Fold	Q185529	pornographic film
Fly Girls	Q185529	pornographic film
For Richer for Poorer	Q185529	pornographic film
Forbidden Intimacy of Two Young Housewives	Q185529	pornographic film
Forced Entry	Q185529	pornographic film
Foster's Home For Imaginary Friends: Bloo Me	Q16254232, Q4373044	pornographic parody film, cartoon pornography
Four Dimensions of Greta	Q2292320	sexploitation film
Frat House Cream	Q128145358	gay pornographic film
Fraternity Vacation	Q2991560	sex comedy
French Beauty	Q185529	pornographic film
French conneXion	Q16254232, Q185529	pornographic parody film, pornographic film
Fresh Meat 4	Q185529	pornographic film
Friends: A XXX Parody	Q16254232, Q185529	pornographic parody film, pornographic film
Frog Song	Q1194365	pink film / pinku eiga
From Teen Ass to Teen Mouth 17	Q185529	pornographic film
Front Row Life	Q1194365, Q185529	pink film / pinku eiga, pornographic film
Frustrated Relationships Catwoman Crotch	Q1194365	pink film / pinku eiga
Fuck 2006	Q185529	pornographic film
Fuck Feast 2	Q185529	pornographic film
Fuck Me Like You Hate Me	Q185529	pornographic film
Fuck the Beauty	Q185529	pornographic film
Fuego 1969	Q2292320	sexploitation film
Furious Fuckers – Final Race	Q185529	pornographic film
G-cup Young College Girl. Her Sexy Tits And Pussy Quake With Pleasure During First-ever Creampie. Misuzu Mifune	Q1194365	pink film / pinku eiga
Gabriella, Gabriella	Q2292320	sexploitation film
Gag Factor	Q185529	pornographic film
Gag Factor 12	Q185529	pornographic film
Game of Bones: Winter is Cumming	Q16254232, Q185529	pornographic parody film, pornographic film
Games of Love	Q2275499	sex film
Gang Bangs II	Q185529	pornographic film
Gangbang Auditions 7	Q185529	pornographic film
Gangbang Me	Q185529	pornographic film
Gangbang Me 2	Q185529	pornographic film
Gangbang Me 3	Q185529	pornographic film
Gangbang Me 4	Q185529	pornographic film
Gangbang Me 5	Q185529	pornographic film
Ganged and Banged	Q185529	pornographic film
Garage Girls	Q10505214, Q185529	comedy porn film, pornographic film
Gaudi in der Lederhose	Q2275499, Q84041	sex film, Bavarian porn
Gentle Punishment Goodnight, Master	Q1194365	pink film / pinku eiga
Gentlemen Prefer Nature Girls	Q2292320	sexploitation film
Genuine Lesbian: Embarrassing Position	Q1194365	pink film / pinku eiga
Getting Levi's Johnson	Q185529	pornographic film
Gift 1966	Q2275499	sex film
Gift 1968	Q2275499	sex film
Gift 1969	Q2275499	sex film
Gifu to mibōjin: Ichiya dake no himegoto	Q1194365	pink film / pinku eiga
Gina Wild Gang Bang	Q185529	pornographic film
Gina Wild - Now it's Getting Dirty	Q185529	pornographic film
Giorgio Grandi GIO228	Q185529	pornographic film
Girl Boss Guerilla	Q1194365	pink film / pinku eiga
Girl Camp 2004	Q185529	pornographic film
Girl Crush Up Close	Q185529	pornographic film
Girl in the Mirror	Q185529	pornographic film
Girl Mistress	Q1194365, Q185529	pink film / pinku eiga, pornographic film
Girl on Her Knees	Q185529	pornographic film
Girls After Midnight	Q2275499	sex film
Girls in Prison	Q2292320	sexploitation film
Girls in the Night Traffic	Q185529, Q2275499	pornographic film, sex film
Girls Kissing Girls 10	Q125719481	lesbian pornographic film
Girls Kissing Girls 11	Q125719481	lesbian pornographic film
Girls Kissing Girls 12	Q125719481	lesbian pornographic film
Girls Kissing Girls 13	Q125719481	lesbian pornographic film
Girls Kissing Girls 14	Q125719481	lesbian pornographic film
Girls Kissing Girls 15	Q125719481	lesbian pornographic film
Girls Kissing Girls 16	Q125719481	lesbian pornographic film
Girls Kissing Girls 17	Q125719481	lesbian pornographic film
Girls Kissing Girls 18	Q125719481	lesbian pornographic film
Girls Kissing Girls 19	Q125719481	lesbian pornographic film
Girls Kissing Girls 2: Foreplay Loving Lesbians	Q125719481	lesbian pornographic film
Girls Kissing Girls 20	Q125719481	lesbian pornographic film
Girls Kissing Girls 21	Q125719481	lesbian pornographic film
Girls Kissing Girls 22	Q125719481	lesbian pornographic film
Girls Kissing Girls 23	Q125719481	lesbian pornographic film
Girls Kissing Girls 24	Q125719481	lesbian pornographic film
Girls kissing Girls 25	Q125719481	lesbian pornographic film
Girls Kissing Girls 3: Make Up, Makeout Sessions	Q125719481	lesbian pornographic film
Girls Kissing Girls 4	Q125719481	lesbian pornographic film
Girls Kissing Girls 5	Q125719481	lesbian pornographic film
Girls Kissing Girls 6	Q125719481	lesbian pornographic film
Girls Kissing Girls 7	Q125719481	lesbian pornographic film
Girls Kissing Girls 8	Q125719481	lesbian pornographic film
Girls Kissing Girls 9	Q125719481	lesbian pornographic film
Girls Kissing Girls: Young Lesbians in Love	Q125719481	lesbian pornographic film
Girls Looking for Jobs	Q2275499	sex film
Girls Of Wrestling	Q185529	pornographic film
Girls on Fire	Q185529	pornographic film
Girls on the Road	Q2275499	sex film
Girls Who Cry Out for Love	Q2292320	sexploitation film
Girls Who Play Alone	Q2275499	sex film
Girls With Girls	Q185529	pornographic film
Girlvana 2	Q125719481	lesbian pornographic film
Girlvana 3	Q125719481	lesbian pornographic film
Girlvana 4	Q125719481	lesbian pornographic film
Give Piece of Ass a Chance	Q185529	pornographic film
Glazed and Confused 5	Q185529	pornographic film
Glen or Glenda	Q2292320	sexploitation film
Go, Go, Second Time Virgin	Q1194365	pink film / pinku eiga
God Forgives, Nuns Don't...	Q185529	pornographic film
Goldilocks and the Three Bares	Q2292320	sexploitation film
Grease XXX – A Parody	Q16254232, Q185529	pornographic parody film, pornographic film
Great Russian Sexual Revolution	Q185529	pornographic film
Greedy Mouth	Q185529	pornographic film
Gregory Dark's Sex Freaks	Q185529	pornographic film
Gremo mi po svojo	Q185529	pornographic film
Grinders	Q185529	pornographic film
Grindhouse XXX	Q16254232, Q185529	pornographic parody film, pornographic film
Groupie Love	Q185529	pornographic film
Grub Girl	Q185529	pornographic film
Grunts	Q128145358	gay pornographic film
GTA XXX Parody	Q185529	pornographic film
Guardians of the Galaxy and Other Porn Parodies	Q16254232, Q185529	pornographic parody film, pornographic film
Guess What Happened to Count Dracula?	Q2292320	sexploitation film
Guns 1990	Q2292320	sexploitation film
Hairy Twatter: A DreamZone Parody	Q185529	pornographic film
Haitei Elegy	Q1194365	pink film / pinku eiga
Half His Age	Q185529	pornographic film
Hama guri sankei: Sutte ijitte	Q1194365	pink film / pinku eiga
Hamlet: For the Love of Ophelia	Q16254232	pornographic parody film
Hamlet: For the Love of Ophelia 2	Q16254232	pornographic parody film
Hand Solo: A DP XXX Parody	Q16254232, Q185529	pornographic parody film, pornographic film
Handcuffs	Q185529	pornographic film
Happy Highschool	Q2991560	sex comedy
Harassed	Q2292320	sexploitation film
Hard Edge	Q185529	pornographic film
Hard Lesbian: Genuine Tongue Technique	Q1194365	pink film / pinku eiga
Hard Lesbian: Quick and Deep	Q1194365	pink film / pinku eiga
Hard Love	Q185529	pornographic film
Hard Sensation	Q185529	pornographic film
Hardbodies 2	Q2292320	sexploitation film
Hardcore Cock-stars	Q185529	pornographic film
Harder, Please!	Q185529	pornographic film
Hardgore	Q185529	pornographic film
Harem 1984	Q185529	pornographic film
Harem 2000	Q185529	pornographic film
Harlot	Q185529	pornographic film
Hatsujô musume: Itohiki seishitagi	Q1194365	pink film / pinku eiga
Haven of Peace	Q1194365	pink film / pinku eiga
Hearts & Minds	Q185529	pornographic film
Heat 1997	Q185529	pornographic film
Heat of the Summer	Q2991560	sex comedy
Helga, She Wolf of Stilberg	Q2292320	sexploitation film
Hell's Angel	Q185529	pornographic film
Hentai no kisetsu: Kôkotsu no ibuki	Q1194365	pink film / pinku eiga
Hentai Sex School	Q185529	pornographic film
Hentai zôsan: Watashi no momoiro shidô	Q1194365	pink film / pinku eiga
Her & Him	Q185529	pornographic film
Her and She and Him	Q2275499	sex film
Her Last Fling	Q185529	pornographic film
Her Limit 2: Break Me	Q185529	pornographic film
Her Name Was Lisa	Q185529	pornographic film
Her Private Hell	Q2292320	sexploitation film
Here and Now	Q2292320	sexploitation film
Heterosexualis	Q2292320	sexploitation film
Hey Marie, I Need More Sleep	Q2275499, Q84041	sex film, Bavarian porn
Hidden Obsessions	Q185529	pornographic film
Hideout in the Sun	Q2292320	sexploitation film
Him 1974	Q128145358	gay pornographic film
Hiša nasprot' sonca	Q185529	pornographic film
Historia de 'S'	Q2275499	sex film
Hitler's Harlot	Q2292320	sexploitation film
Hitozuma ichiban! Futarikiri Tonight	Q1194365	pink film / pinku eiga
Hitozuma no toriko: Tonari no Asami-san	Q1194365	pink film / pinku eiga
Holly Hendrix's Anal Experience	Q185529	pornographic film
Hollywood Heartbreakers	Q185529	pornographic film
Hollywood Whore: A Jennifer White Showcase Film	Q185529	pornographic film
Homo Erectus	Q185529	pornographic film
Honorable Discharge	Q128145358	gay pornographic film
Hooligans	Q185529	pornographic film
Horizon	Q185529	pornographic film
Horny Ghost	Q1194365	pink film / pinku eiga
Horrors of Spider Island	Q2292320	sexploitation film
Horse and Woman and Dog	Q1194365	pink film / pinku eiga
Horseplay	Q2991560	sex comedy
Hospital!	Q185529	pornographic film
Hostess Madness: Unparched Nectar	Q1194365, Q185529	pink film / pinku eiga, pornographic film
Hot & Saucy Pizza Girls	Q10505214, Q185529	comedy porn film, pornographic film
Hot Dreams	Q185529	pornographic film
Hot for Teacher	Q185529	pornographic film
Hot Hungry School Girls	Q2275499	sex film
Hot in the City	Q185529	pornographic film
Hot Little Brides in the Schoolroom	Q2275499	sex film
Hot Lunch	Q185529	pornographic film
Hot Scalding	Q185529	pornographic film
Hot Sex in Bangkok	Q2275499	sex film
Hot Summer in the City	Q185529	pornographic film
Hot Wife Creampie	Q185529	pornographic film
Hotdorix	Q16254232, Q185529	pornographic parody film, pornographic film
Hótéhénke	Q185529	pornographic film
Hotel Italia	Q128145358	gay pornographic film
HotMen CoolBoyz	Q128145358	gay pornographic film
House of 1000 Pleasures	Q2275499	sex film
House Of Cruel Dolls	Q2292320	sexploitation film
House on Bare Mountain	Q81746082	nudie-cutie
Housekeeper with Beautiful Skin: Made Wet with Finger Torture	Q1194365, Q185529	pink film / pinku eiga, pornographic film
Housewives on the Job	Q2275499	sex film
How to Seduce Your Teacher	Q2991565	commedia sexy all'italiana
How to Undress in Front of Your Husband	Q2292320	sexploitation film
Hungry Bitches	Q138020407, Q185529	fetish film, pornographic film
Hurra - Die Schwedinnen sind da	Q2275499, Q84041	sex film, Bavarian porn
Hurry, the Schoolgirls are Coming!	Q2991565	commedia sexy all'italiana
I, a Woman	Q185529	pornographic film
I Am Aubrey	Q185529	pornographic film
I Am Frigid... Why?	Q2275499	sex film
I Am Riley	Q185529	pornographic film
I Dream of Jenna	Q185529	pornographic film
I.K.U.	Q185529	pornographic film
I Kissed a Girl	Q125719481	lesbian pornographic film
I Like You, I Like You Very Much	Q1194365	pink film / pinku eiga
I Love 'em Natural	Q185529	pornographic film
I Love Tits	Q185529	pornographic film
I Thought About You	Q1194365, Q185529	pink film / pinku eiga, pornographic film
Ich – Ein Groupie	Q2292320	sexploitation film
Ichijo's Wet Lust	Q1194365	pink film / pinku eiga
Icon 2007	Q185529	pornographic film
Icon 2008	Q185529	pornographic film
Idol Country	Q185529	pornographic film
Il confessionale	Q185529	pornographic film
Il dio serpente	Q2292320	sexploitation film
Il fantasma	Q185529	pornographic film
Il medico... la studentessa	Q2991565	commedia sexy all'italiana
Il vizio preferito di mia moglie	Q185529	pornographic film
Ilsa, Harem Keeper of the Oil Sheiks	Q2292320	sexploitation film
Ilsa, She Wolf of the SS	Q2292320	sexploitation film
Ilsa, the Tigress of Siberia	Q2292320	sexploitation film
Ilsa, the Wicked Warden	Q2292320	sexploitation film
Images in a Convent	Q185529, Q2292320	pornographic film, sexploitation film
Immoral First Love: Loving from the Nipples	Q1194365, Q185529	pink film / pinku eiga, pornographic film
Immortal	Q185529	pornographic film
Imperfect Angels 1	Q185529	pornographic film
Imperfect Angels 10	Q185529	pornographic film
Imperfect Angels 11	Q185529	pornographic film
Imperfect Angels 2	Q185529	pornographic film
Imperfect Angels 3	Q185529	pornographic film
Imperfect Angels 4	Q185529	pornographic film
Imperfect Angels 5	Q185529	pornographic film
Imperfect Angels 6	Q185529	pornographic film
Imperfect Angels 7	Q185529	pornographic film
Imperfect Angels 8	Q185529	pornographic film
Imperfect Angels 9	Q185529	pornographic film
Impromptus	Q185529	pornographic film
In Bed with Doc Gynéco	Q185529	pornographic film
In Command	Q185529	pornographic film
In Love	Q185529	pornographic film
In the Coal Mine Wobble the Beds	Q2275499	sex film
In the Days of Whore	Q185529	pornographic film
In the Garden of Shadows	Q185529	pornographic film
In the sign of Taurus	Q185529, Q2275499	pornographic film, sex film
In the Sign of the Lion	Q185529, Q2275499	pornographic film, sex film
In the sign of the Scorpio	Q185529, Q2275499	pornographic film, sex film
In the sign of The Twins	Q185529	pornographic film
Inch by Inch	Q128145358	gay pornographic film
Incorreggibili ninfomani	Q185529	pornographic film
Indecency	Q185529	pornographic film
Indecency 2	Q185529	pornographic film
Indic 2013	Q185529	pornographic film
Indigo Nights	Q185529	pornographic film
Inflatable Sex Doll of the Wastelands	Q1194365	pink film / pinku eiga
Influence: Vanna Bardot	Q185529	pornographic film
Infrasexum	Q2292320	sexploitation film
Inga 1968	Q2292320	sexploitation film
Inglorious Bitches	Q16254232, Q185529	pornographic parody film, pornographic film
Inn of the Sinful Daughters	Q84041	Bavarian porn
Inner Sanctum II	Q109733294	erotic thriller film
Innocent Girls Abroad	Q2275499	sex film
Insatiable	Q185529	pornographic film
Insatiable Adriana	Q185529	pornographic film
Inside Désirée Cousteau	Q185529	pornographic film
Inside Jennifer Welles	Q185529	pornographic film
InTERActive	Q185529	pornographic film
Interactive Sex with Lisa Ann	Q185529	pornographic film
Interactive Sex with Tori Black	Q185529	pornographic film
Internal Damnation 4	Q185529	pornographic film
Internal Damnation 8	Q185529	pornographic film
Intimacies of a Prostitute	Q2292320	sexploitation film
Intimate Parlor Games	Q185529	pornographic film
Intimate Treasures	Q185529	pornographic film
Invasion of the Bee Girls	Q2292320	sexploitation film
Invisible Man: Rape!	Q1194365	pink film / pinku eiga
Iron Man XXX	Q16254232	pornographic parody film
Irresistable Angel: Suck It All Up	Q1194365, Q185529	pink film / pinku eiga, pornographic film
Is Your Daughter Safe?	Q2292320	sexploitation film
Island Fever 4	Q185529	pornographic film
It's a Mommy Thing!	Q185529	pornographic film
Italians and Other Strangers	Q128145358	gay pornographic film
Itoshino Half Moon	Q1194365, Q185529	pink film / pinku eiga, pornographic film
Iyashi No Yuujo: Nurejita No Mitsu	Q1194365	pink film / pinku eiga
Jacky 2020	Q185529	pornographic film
Jada Loves Gonzo	Q185529	pornographic film
Jailbait	Q2275499	sex film
Jailhouse Heat	Q185529	pornographic film
Jailhouse Wardress	Q2292320	sexploitation film
Jan Dvorak Story, The	Q185529	pornographic film
Jane Bomb	Q185529	pornographic film
Jason Colt – The Mystery of the Sexy Diamonds	Q185529	pornographic film
Jenna Haze Dark Side	Q185529	pornographic film
Jenna's Provocateur	Q185529	pornographic film
Jessica Drake Is Wicked	Q185529	pornographic film
Jeunesse perdue	Q185529	pornographic film
Jill 1978	Q2292320	sexploitation film
Jill 1980	Q2292320	sexploitation film
Jocks 1987	Q2292320	sexploitation film
Jodi Arias: Dirty Little Secret	Q109733294	erotic thriller film
Joey Silvera's Runaway Butts 5	Q185529	pornographic film
John Wayne Bobbitt Uncut	Q185529	pornographic film
Jon & Kate Fuck Eight	Q16254232, Q185529	pornographic parody film, pornographic film
Josefine Mutzenbacher	Q2991560	sex comedy
Joy of Sex	Q2991560	sex comedy
Juegos de verano	Q185529	pornographic film
Jukujo virgin: Momarete Minato-chô	Q1194365	pink film / pinku eiga
Julia 2000	Q185529	pornographic film
Juliet and Romeo	Q185529	pornographic film
Jumper	Q128145358	gay pornographic film
Junge Debütantinnen	Q185529	pornographic film
Junge Girlies beim Nachsitzen	Q185529	pornographic film
Jungle Blue	Q185529, Q2292320	pornographic film, sexploitation film
Jungle Warriors	Q2292320	sexploitation film
Just Another Pretty Face	Q185529	pornographic film
Just Sex, Nothing Personal	Q3461143	BDSM-themed film
Justice	Q128145358	gay pornographic film
Justice League XXX: An Axel Braun Parody	Q16254232, Q185529	pornographic parody film, pornographic film
Juvenile Rampage	Q185529	pornographic film
K3: Prison of Hell	Q185529	pornographic film
Kaikan memory: Watashi ga, iippai	Q1194365	pink film / pinku eiga
Kandagawa Pervert Wars	Q1194365	pink film / pinku eiga
Kansas City Trucking Co.	Q128145358	gay pornographic film
Kärleksön	Q185529	pornographic film
Kate, the Cat	Q185529	pornographic film
Katharina, the Sado-queen	Q185529	pornographic film
Katsumi's Affair	Q185529	pornographic film
Katwoman XXX	Q16254232, Q185529	pornographic parody film, pornographic film
Katy Pervy: The XXX Parody	Q16254232	pornographic parody film
Keep On Masturbating: Non-Stop Pleasure	Q1194365, Q185529	pink film / pinku eiga, pornographic film
Kesse Teens und irre Typen	Q2275499	sex film
Kick Ass Chicks 87: Kelly Wells	Q185529	pornographic film
Kill Bill: A XXX Parody	Q16254232	pornographic parody film
Killer Nun	Q2292320	sexploitation film
Killer Tenant	Q1194365	pink film / pinku eiga
Killing of the Flesh	Q185529	pornographic film
Kim Kardashian, Superstar	Q185529, Q931552	pornographic film, celebrity sex tape
Kimohara kachô: Muramura oppiroge	Q1194365	pink film / pinku eiga
Kinky Business	Q185529	pornographic film
Kiss Me Quick!	Q2292320	sexploitation film
Kiss of the Piranha Woman	Q185529	pornographic film
Kiss Tomorrow Goodbye	Q109733294	erotic thriller film
Kōichirō Uno's Wet and Swinging	Q1194365, Q185529	pink film / pinku eiga, pornographic film
Ku Klux Klan	Q185529	pornographic film
Kuch Kuch Locha Hai	Q2991560	sex comedy
L.A. Tool & Die	Q185529	pornographic film
L.A. Zombie	Q128145358	gay pornographic film
L'albero delle zoccole	Q185529	pornographic film
L for London	Q185529	pornographic film
L'Inconnue	Q185529	pornographic film
LA 399	Q185529	pornographic film
La Bestia in Calore	Q2292320	sexploitation film
La ciociara 1 - Fuga da Roma	Q185529	pornographic film
La compagna di banco	Q2991560	sex comedy
La compagna di viaggio	Q2991560	sex comedy
La Diosa virgen	Q2292320	sexploitation film
La dresseuse	Q185529	pornographic film
La liceale	Q2991565	commedia sexy all'italiana
La liceale al mare con l'amica di papà	Q2991565	commedia sexy all'italiana
La liceale, il diavolo e l'acqua santa	Q2991565	commedia sexy all'italiana
La liceale nella classe dei ripetenti	Q2991565	commedia sexy all'italiana
LA Plays Itself	Q128145358	gay pornographic film
La Villa del Martirio	Q185529	pornographic film
Ladies' Doctor	Q2275499	sex film
Lady Black Rose	Q1194365	pink film / pinku eiga
Lady Chatterley In Tokyo	Q1194365, Q185529	pink film / pinku eiga, pornographic film
Lady Fellatio in the Doghouse	Q185529	pornographic film
Lady Godiva Rides	Q2292320	sexploitation film
Lady Moonflower	Q1194365, Q185529	pink film / pinku eiga, pornographic film
Language of Love	Q2292320	sexploitation film
Las computadoras	Q2991560	sex comedy
Laß jucken Kumpel 2. Teil: Das Bullenkloster	Q2275499	sex film
Laß jucken, Kumpel 3. Teil - Maloche, Bier und Bett	Q2275499	sex film
Laß jucken, Kumpel 5: Der Kumpel läßt das Jucken nicht	Q2275499	sex film
Last Cabaret	Q1194365	pink film / pinku eiga
Last Orgy of the Third Reich	Q2292320	sexploitation film
Latex 1995	Q185529	pornographic film
Layout	Q185529	pornographic film
Le Avventure di Monella e la sua famiglia	Q185529	pornographic film
Le Coucher de la Mariée	Q185529	pornographic film
Le due... grandi labbra	Q185529	pornographic film
Le pompier des Folies Bergères	Q20649407	stag film
Le porno investigatrici	Q185529	pornographic film
Le Sexe qui parle	Q185529	pornographic film
Lebanon	Q128145358	gay pornographic film
Lecherous Older Sister	Q1194365, Q185529	pink film / pinku eiga, pornographic film
Legend of Lady Blue	Q185529	pornographic film
Legend of the Blue Wolf	Q185529	pornographic film
Lemon Popsicle	Q2991560	sex comedy
Les Bitches	Q185529	pornographic film
Les Marquises de Sade	Q185529	pornographic film
Les Tontons tringleurs	Q16254232	pornographic parody film
Les Vampyres	Q185529	pornographic film
Les Visiteuses	Q16254232	pornographic parody film
Lesbian Harem	Q1194365	pink film / pinku eiga
Lesbian Massage 5	Q125719481	lesbian pornographic film
Let Me Die a Woman	Q2292320	sexploitation film
Let Me Tell Ya 'bout Black Chicks	Q185529	pornographic film
Let Me Tell Ya 'bout White Chicks	Q185529	pornographic film
Let My Puppets Come	Q185529	pornographic film
Lex Steele XXX 3	Q185529	pornographic film
Lex Steele XXX 5	Q185529	pornographic film
Liebesgrüße aus der Lederhose 3: Sexexpress aus Oberbayern	Q2275499, Q84041	sex film, Bavarian porn
Lies 1999	Q185529	pornographic film
Life Love Lust	Q185529	pornographic film
Like Mother, Like Daughter: I, a Woman, Part III	Q185529	pornographic film
Lillian the Perverted Virgin	Q185529	pornographic film
Line Up and Lay Down	Q2275499	sex film
Little Anal Lovers	Q185529	pornographic film
Little Girl... Big Tease	Q2292320	sexploitation film
Little Runaway	Q185529	pornographic film
Liz 1976	Q2275499	sex film
Liz 1977	Q2275499	sex film
Liz 1978	Q2275499	sex film
Liz 1979	Q2275499	sex film
Liz 1983	Q2275499	sex film
Load Warriors 2	Q185529	pornographic film
Loaded	Q185529	pornographic film
Lolita: Vibrator Torture	Q1194365, Q185529	pink film / pinku eiga, pornographic film
Looker	Q185529	pornographic film
Looker 2: Femme Fatale	Q185529	pornographic film
Looking Good	Q185529	pornographic film
Looking In	Q185529	pornographic film
Loose Ends	Q185529	pornographic film
Loose Ends 2: The Tail Continues	Q185529	pornographic film
Loose Ends 3	Q185529	pornographic film
Loose Ends 4: The Ultimate Tail	Q185529	pornographic film
Loose Ends 5: The New Generation	Q185529	pornographic film
Loose Ends 6: The Dark Side	Q185529	pornographic film
Loose Woman: Getting Wet at Noon	Q1194365, Q185529	pink film / pinku eiga, pornographic film
Lorna 1964	Q2292320	sexploitation film
Lost in the Hood	Q128145358	gay pornographic film
Love and Lust	Q128145358	gay pornographic film
Love and Psyche	Q185529	pornographic film
Love Bavarian Style	Q2275499, Q84041	sex film, Bavarian porn
Love Bites	Q185529	pornographic film
Love Emergency	Q185529	pornographic film
Love Foolery Case for Dismembered Body	Q1194365	pink film / pinku eiga
Love Games	Q2991560	sex comedy
Love Games in the Convent	Q2275499	sex film
Love Games People Play in Denmark	Q2275499	sex film
Love Hotel	Q1194365, Q185529	pink film / pinku eiga, pornographic film
Love Hotel in Tyrol	Q84041	Bavarian porn
Love Hunter	Q1194365	pink film / pinku eiga
Love in 3-D	Q2275499	sex film
Love-In 72	Q2292320	sexploitation film
Love is in the Web	Q185529	pornographic film
Love Life in Luxembourg	Q2275499	sex film
Love, Lust and Violence	Q185529	pornographic film
Love Nest	Q185529	pornographic film
Love, Sex & Music	Q185529	pornographic film
Love, Sex and TV News	Q185529	pornographic film
Love Variations	Q185529	pornographic film
Love You	Q185529	pornographic film
Lovely Chubby	Q1194365	pink film / pinku eiga
Lovely Orica	Q1194365	pink film / pinku eiga
Lovers	Q185529	pornographic film
Lovers Are Wet	Q1194365	pink film / pinku eiga
Lovers Lane	Q185529	pornographic film
Loves of a French Pussycat	Q2275499	sex film
Loving Greetings from the Lederhosen	Q2275499, Q84041	sex film, Bavarian porn
Lulu's Nights	Q185529	pornographic film
Lunch Box	Q1194365	pink film / pinku eiga
Lust on the Prairie	Q185529	pornographic film
Lust Tango in Paris	Q185529	pornographic film
Lustful Hitchhiker: Sought Wife	Q1194365, Q185529	pink film / pinku eiga, pornographic film
Lustful Wife in Black: Aching	Q1194365, Q185529	pink film / pinku eiga, pornographic film
Lusty Discipline in Uniform	Q1194365	pink film / pinku eiga
Lusty Sisters	Q1194365	pink film / pinku eiga
Luxure: My Wife Fucked by Others	Q185529	pornographic film
Luxure: Obedient Wives	Q185529	pornographic film
Luxury Nurse	Q185529	pornographic film
Mad Memories of a Lifeguard	Q2275499	sex film
Mad Sex Party: Cream Girls/Custard Fuck	Q185529	pornographic film
Mad Sex Party: Go-Kart Sluts	Q185529	pornographic film
Madame Bovary	Q2275499	sex film
Madame Olga's Pupils	Q2275499	sex film
Magic Eros	Q185529	pornographic film
Magic Mike	Q2292320	sexploitation film
Magic Mike XXL	Q2292320	sexploitation film
Magic Mike XXXL: A Hardcore Parody	Q16254232	pornographic parody film
Maid-Droid	Q1194365	pink film / pinku eiga
Maid for Pleasure	Q2275499	sex film
Make Me Sweat	Q185529	pornographic film
Malabimba – The Malicious Whore	Q2292320	sexploitation film
Malibu Rocki: Boobwatch 2	Q185529	pornographic film
Malice in Lalaland	Q16254232, Q185529	pornographic parody film, pornographic film
Malicious 1973	Q2991565	commedia sexy all'italiana
Malicious 1974	Q2991565	commedia sexy all'italiana
Malın Gözü Kadınlar	Q2991560	sex comedy
Mamma 1998	Q185529	pornographic film
Man of Steel XXX: An Axel Braun Parody	Q16254232	pornographic parody film
Man of the Year	Q2991560	sex comedy
Manhunters	Q185529	pornographic film
Manniac	Q185529	pornographic film
Mansion of the Living Dead	Q2292320	sexploitation film
Mantis in Lace	Q2292320	sexploitation film
Maraschino Cherry	Q125719481, Q185529	lesbian pornographic film, pornographic film
Marathon	Q185529	pornographic film
Margot	Q185529	pornographic film
Marilyn and the Senator	Q185529	pornographic film
Marilyn Chambers' Private Fantasies 4	Q185529	pornographic film
Marilyn, My Love	Q185529	pornographic film
Mariska: Desires of Submission	Q185529	pornographic film
Marjaavaan	Q185529	pornographic film
Marquis de Sade's Prosperities of Vice	Q1194365	pink film / pinku eiga
Married Woman Boutique: Women Indulging in Scandalous Love Affair	Q1194365	pink film / pinku eiga
Married Woman Jump!	Q1194365	pink film / pinku eiga
Married Woman's Wetland Disturbed by the Tip of the Tongue	Q1194365	pink film / pinku eiga
Married Women Who Want a Taste	Q1194365, Q185529	pink film / pinku eiga, pornographic film
Masquerade (L'empreinte du vice)	Q185529	pornographic film
Massage Parlor '73	Q2275499	sex film
Matagari tenshi: Hoteri no tôgenkyô	Q1194365	pink film / pinku eiga
Max 2 2002	Q185529	pornographic film
Max 3 2007	Q185529	pornographic film
Maxine	Q16254232, Q185529	pornographic parody film, pornographic film
Meet The Fuckers	Q16254232	pornographic parody film
Meet the Twins 1	Q185529	pornographic film
Megan Escort Deluxe	Q185529	pornographic film
Members Only	Q128145358	gay pornographic film
Memoirs of Modern Love: Curious Age	Q1194365, Q185529	pink film / pinku eiga, pornographic film
Memories Within Miss Aggie	Q185529	pornographic film
Memphis Cathouse Blues	Q185529	pornographic film
Men in Black: A Hardcore Parody	Q16254232, Q185529	pornographic parody film, pornographic film
Men of Israel	Q128145358	gay pornographic film
Meow! 2010	Q185529	pornographic film
Mera ur kärlekens språk	Q128145358, Q2292320	gay pornographic film, sexploitation film
Mercilessly Betrayed	Q185529	pornographic film
Messalina	Q185529	pornographic film
Messalina, Imperial Orgasm	Q185529	pornographic film
Messalina oggi	Q185529	pornographic film
Mia Khalifa Is Cumming for Dinner	Q185529	pornographic film
Micchaku mankai: asoko de kutsurogu	Q1194365	pink film / pinku eiga
Michael Lucas' La Dolce Vita	Q128145358	gay pornographic film
Midnight Obsession	Q185529	pornographic film
MILF 2010	Q2991560	sex comedy
Millionaire	Q185529	pornographic film
Millionaire Matchmaker XXX: A Hardcore Parody	Q16254232, Q185529	pornographic parody film, pornographic film
Mirage	Q128145358	gay pornographic film
Miscreants	Q185529	pornographic film
Misha Cross Wide Open	Q185529	pornographic film
Miss Peach: Peachy Sweetness Huge Breasts	Q1194365, Q185529	pink film / pinku eiga, pornographic film
Mission Asspossible	Q16254232, Q185529	pornographic parody film, pornographic film
Mission to Uranus	Q185529	pornographic film
Mitchaku shidô: Oshieteageru	Q1194365	pink film / pinku eiga
Moan 1999	Q128145358, Q16254232	gay pornographic film, pornographic parody film
Modern Female Ninja: Flesh Hell	Q1194365, Q185529	pink film / pinku eiga, pornographic film
Mokkori mangekyō: Yokujō shita gonin no onna-tachi	Q1194365	pink film / pinku eiga
Molester's Bus 2: Heat of the Over Thirty	Q1194365, Q185529	pink film / pinku eiga, pornographic film
Molester's Train	Q185529	pornographic film
Molester's Train: Get on from the Back!	Q185529	pornographic film
Molester's Train Housewife: Madam is a Pervert	Q185529	pornographic film
Molester's Train: Melody of Wriggling Fingers	Q185529	pornographic film
Molester's Train: Sensitive Fingers	Q1194365, Q185529	pink film / pinku eiga, pornographic film
Molester's Train: Suggestive Indecent Hips	Q185529	pornographic film
Molester Train: Mischievous Wives	Q1194365	pink film / pinku eiga
Molly 1977	Q185529	pornographic film
Molly 1980	Q185529	pornographic film
Mom and Dad	Q2292320	sexploitation film
Mom and I: We are in Melting Mode	Q1194365	pink film / pinku eiga
Mommy Got Boobs	Q185529	pornographic film
Momoiro e-hon: Itte miyou, yatte miyou!	Q1194365	pink film / pinku eiga
Mona the Virgin Nymph	Q185529	pornographic film
Mondo Keyhole	Q2292320	sexploitation film
Monique, mein heißer Schoß	Q2275499	sex film
Monmon hôjin: Barikyari otoko kui	Q1194365	pink film / pinku eiga
Mononoke Hospital	Q1194365	pink film / pinku eiga
More Desires Within Young Girls	Q185529, Q2275499	pornographic film, sex film
More Sexy Canterbury Tales	Q2275499	sex film
Motel 303	Q1194365	pink film / pinku eiga
Mother's Indiscretion	Q185529	pornographic film
Mother Superior	Q125719481	lesbian pornographic film
Mother Superior 3: Satan's Daughter	Q125719481	lesbian pornographic film
Mourning Wife	Q1194365, Q185529	pink film / pinku eiga, pornographic film
Ms. Stiletto	Q2292320	sexploitation film
Mucchio Selvaggio	Q185529	pornographic film
Mudhoney	Q2292320	sexploitation film
Multiple P.O.V.	Q185529	pornographic film
Muschimaus mag's grad heraus	Q2275499	sex film
Muscle Bear Truck Stop	Q128145358	gay pornographic film
Mutant Turtles Pinchas	Q185529	pornographic film
My Baby Got Back	Q185529	pornographic film
My Dear Anetta Keys	Q185529	pornographic film
My Dear Sophie Moone	Q185529	pornographic film
My First Orgy	Q185529	pornographic film
My Life as a Teenage Robot: What What in the Robot	Q16254232, Q4373044	pornographic parody film, cartoon pornography
My Name is Zaawaadi	Q185529	pornographic film
My Plaything	Q185529	pornographic film
My Swedish Aunt	Q185529	pornographic film
My Tale Is Hot	Q185529	pornographic film
My Tutor	Q2991560	sex comedy
Mykonos: LKP Casting 03	Q185529	pornographic film
Myriam	Q2275499	sex film
Nakagawa Jun Kyōju no Inbina Hibi	Q1194365, Q185529	pink film / pinku eiga, pornographic film
Naked and Sassy On King's Lake	Q84041	Bavarian porn
Naked Continent	Q185529	pornographic film
Naked Eye	Q185529	pornographic film
Naked Seven	Q1194365	pink film / pinku eiga
Nana 1985	Q2292320	sexploitation film
Nasty Universe 2	Q185529	pornographic film
Nasty Universe 3	Q185529	pornographic film
Naughty Coeds	Q2275499	sex film
Nazi Love Camp 27	Q2292320	sexploitation film
Necromania	Q185529	pornographic film
Neo Pornographia 2	Q185529	pornographic film
Neo Pornographia 3	Q185529	pornographic film
Neo Pornographia 4	Q185529	pornographic film
Neon Nights	Q185529	pornographic film
New * Desired Sister-in-Law: Immoral Relations	Q1194365, Q185529	pink film / pinku eiga, pornographic film
New Female Prisoner 701 Scorpion	Q1194365	pink film / pinku eiga
New Tokyo Decadence – The Slave	Q1194365, Q185529	pink film / pinku eiga, pornographic film
New Wave Hookers	Q185529	pornographic film
New Wave Hookers 2	Q185529	pornographic film
New Wave Hustlers	Q185529	pornographic film
Newlywed Hell	Q1194365, Q185529	pink film / pinku eiga, pornographic film
Next Level	Q1194365	pink film / pinku eiga
Niggas' Revenge	Q185529	pornographic film
Night at the Erotic Museum	Q16254232	pornographic parody film
Night Hunger	Q185529	pornographic film
Night Nurse	Q109733294, Q2275499, Q2991560	erotic thriller film, sex film, sex comedy
Night of Open Sex	Q2292320	sexploitation film
Night of the Giving Head	Q16254232, Q185529	pornographic parody film, pornographic film
Night Stalk	Q185529	pornographic film
Night Trainee: Her Secret	Q1194365	pink film / pinku eiga
Night Trips	Q185529	pornographic film
Nightdreams	Q185529	pornographic film
Nightlife in Prague	Q185529	pornographic film
Nightmare on Lesbian Street	Q125719481	lesbian pornographic film
Nights in Black Leather	Q128145358	gay pornographic film
Niizuma kahanshin: Washizukami	Q1194365	pink film / pinku eiga
Nikita XXX	Q16254232	pornographic parody film
Nikkatsu Roman Porno	Q185529	pornographic film
Nikki's Sweet Spot	Q185529	pornographic film
Ninotschka also Takes Off Her Panties	Q2275499	sex film
Nirvanal	Q185529	pornographic film
No Escape 2	Q185529	pornographic film
No Help Needed	Q125719481, Q128150456	lesbian pornographic film, queer porn film
No Limits	Q185529	pornographic film
No Man's Land: Asian Edition 4	Q185529	pornographic film
No Motive	Q185529	pornographic film
No Way Out	Q185529	pornographic film
Nope Nope Nurses	Q185529	pornographic film
Nôsatsu gyômu meirei: Iyarashi share house	Q1194365	pink film / pinku eiga
Not Bewitched XXX	Q16254232, Q185529	pornographic parody film, pornographic film
Not Jersey Boys XXX: A Porn Musical	Q185529	pornographic film
Not Married With Children XXX	Q16254232, Q185529	pornographic parody film, pornographic film
Not Now, Darling	Q2991560	sex comedy
Not South Park XXX	Q16254232, Q185529	pornographic parody film, pornographic film
Not the Bradys XXX	Q16254232, Q185529	pornographic parody film, pornographic film
Not The Cosbys XXX	Q16254232, Q185529	pornographic parody film, pornographic film
Not the Wizard of Oz XXX	Q185529	pornographic film
Not Three's Company XXX	Q185529	pornographic film
Nothing to Hide	Q185529	pornographic film
Nothing to Hide II: Justine	Q185529	pornographic film
Novogodniye Blyadki	Q185529	pornographic film
Nude on the Moon	Q2292320	sexploitation film
Nugi-nugi panic: Nugitai onna	Q1194365	pink film / pinku eiga
Nureta aijô: Fushidara ni atatamete	Q1194365	pink film / pinku eiga
Nurse 3D	Q2292320	sexploitation film
Nurses	Q185529	pornographic film
Nymph 1973	Q2292320	sexploitation film
O-atsui ano musume: Hadaka de attack	Q1194365	pink film / pinku eiga
O - The Power of Submission	Q185529	pornographic film
Obama Is Nailin' Palin	Q16254232, Q185529	pornographic parody film, pornographic film
Obscene Stalker: It Holds in Darkness!	Q1194365, Q185529	pink film / pinku eiga, pornographic film
Obsessed	Q185529	pornographic film
Octomom Home Alone	Q185529	pornographic film
Oedipus Orca	Q2292320	sexploitation film
Office Lady Love Juice	Q1194365	pink film / pinku eiga
Office Lady Rope Slave	Q1194365, Q185529	pink film / pinku eiga, pornographic film
Office Lady's Sexual Confession: Burning Love Affair	Q1194365, Q185529	pink film / pinku eiga, pornographic film
Office Lady Sisters: I Want to Sleep with You	Q1194365, Q185529	pink film / pinku eiga, pornographic film
Office Love-In	Q2275499	sex film
Official Basic Instinct Parody	Q16254232, Q185529	pornographic parody film, pornographic film
Official Bounty Hunter Parody 2	Q16254232, Q185529	pornographic parody film, pornographic film
Official Bounty Hunter Parody 4	Q16254232, Q185529	pornographic parody film, pornographic film
Official Bounty Hunter Parody 5	Q16254232, Q185529	pornographic parody film, pornographic film
Official Halloween Parody	Q16254232, Q185529	pornographic parody film, pornographic film
Official Hangover Parody	Q16254232	pornographic parody film
Official Sons of Anarchy Parody	Q185529	pornographic film
Official the Silence of the Lambs Parody	Q16254232	pornographic parody film
Oh dolci baci e languide carezze	Q2275499	sex film
Oksana Out of Uniform	Q185529	pornographic film
Oktoberfest! Da kann man fest...	Q2275499, Q84041	sex film, Bavarian porn
Older Office Lady: Using Her Seductive Tongue	Q1194365, Q185529	pink film / pinku eiga, pornographic film
Olympus: Refuge of Gods	Q185529	pornographic film
OMG… It's the Dirty Dancing XXX Parody	Q16254232, Q185529	pornographic parody film, pornographic film
On Trial 1: In Defense of Savannah	Q185529	pornographic film
Once in a Blue Moon	Q185529	pornographic film
Once Upon a Girl	Q185529, Q4373044	pornographic film, cartoon pornography
Once Upon a Time in the Valley	Q185529	pornographic film
One to Another	Q185529	pornographic film
Onna kyōshi: yogoreta hōkago	Q1194365	pink film / pinku eiga
Onsen jōwa: Yubune de momi gaeri	Q1194365	pink film / pinku eiga
Operation: Desert Stormy	Q185529	pornographic film
Operation Sex Siege	Q185529	pornographic film
Orgy II : The XXX championship	Q185529	pornographic film
Orgy of the Dead	Q2292320	sexploitation film
Orgy : The XXX championship	Q185529	pornographic film
Orgy World 7	Q185529	pornographic film
Oriental Blue	Q185529	pornographic film
Oriental Vixen	Q2275499	sex film
Oryu's Passion: Bondage Skin	Q1194365	pink film / pinku eiga
Osenchi sakaba: Kimi mo nureru machikado	Q1194365	pink film / pinku eiga
Oshi, Mankai	Q1194365	pink film / pinku eiga
Othello: Dangerous Desire	Q185529	pornographic film
Otto; or Up with Dead People	Q185529	pornographic film
Our Movie by Sophie & Stella	Q185529	pornographic film
Our Summer of Love	Q185529	pornographic film
Out of Athens	Q128145358	gay pornographic film
Outlaw Ladies	Q185529	pornographic film
Over-Thirty Alumnus Association	Q1194365, Q185529	pink film / pinku eiga, pornographic film
Overnight Models	Q2275499	sex film
Pacific Banana	Q2275499	sex film
Parallel sex: Chijo ga hisomu toki	Q1194365	pink film / pinku eiga
Paris Pickups	Q185529	pornographic film
Partly Stormy	Q185529	pornographic film
Partysex 1	Q185529	pornographic film
Partysex 2	Q185529	pornographic film
Partysex 3	Q185529	pornographic film
Passion Pit	Q185529	pornographic film
Pee-Wee's XXX Adventure: A Porn Parody	Q16254232, Q185529	pornographic parody film, pornographic film
Peeping Tom	Q185529	pornographic film
Penelope Pulls It Off	Q2275499	sex film
Penetrator 2 Grunge Days	Q185529	pornographic film
Perfect	Q185529	pornographic film
Perfect kiss: Nurashite playback	Q1194365	pink film / pinku eiga
Performers of the Year 2010	Q185529	pornographic film
Perspective	Q185529	pornographic film
Pervert!	Q2292320	sexploitation film
Perverted Criminal	Q1194365	pink film / pinku eiga
Perverted Planet	Q185529	pornographic film
Perverted Stories 35	Q185529	pornographic film
Perverted Virgins	Q185529	pornographic film
Pervirella	Q2292320	sexploitation film
Peter Pan XXX: An Axel Braun Parody	Q16254232, Q185529	pornographic parody film, pornographic film
Petites cochonnes bulgares	Q185529	pornographic film
Petting monster: Kairaku kui makuri	Q1194365	pink film / pinku eiga
Phat Bottom Girls	Q185529	pornographic film
Phat Bottom Girls 2	Q185529	pornographic film
Phoenix Marie Experience	Q185529	pornographic film
Pigalle	Q185529	pornographic film
Pin-Ups 2	Q185529	pornographic film
Pink Prison	Q185529	pornographic film
Pink Ribbon	Q1194365	pink film / pinku eiga
Pink Tush Girl	Q1194365	pink film / pinku eiga
Pink Tush Girl: Love Attack	Q1194365, Q185529	pink film / pinku eiga, pornographic film
Pink Velvet	Q185529	pornographic film
Pink zone 3: Dutch wife bojô	Q1194365	pink film / pinku eiga
Pionerki - Plod Grekha	Q185529	pornographic film
Pirate Video Deluxe 4: Fetish Therapy	Q185529	pornographic film
Pirates	Q185529	pornographic film
Pirates II: Stagnetti's Revenge	Q185529	pornographic film
Plan 69 from Outer Space	Q16254232, Q185529	pornographic parody film, pornographic film
Planet Sexxx	Q185529	pornographic film
Planet Sexxx 2	Q185529	pornographic film
Playboy's Complete Massage	Q185529	pornographic film
Playing the Odds	Q185529	pornographic film
Please Don't Eat My Mother	Q2292320	sexploitation film
Pleasure Shop on 7th Ave.	Q185529	pornographic film
Pleasureville	Q185529	pornographic film
Poetics for Tramps	Q185529	pornographic film
Poolside Pounding	Q185529	pornographic film
Poppea: A Prostitute in Service of the Emperor	Q2275499	sex film
Poppea's Hot Nights	Q2275499	sex film
Porn of the Dead	Q185529	pornographic film
Porn Wars – Episode I	Q16254232	pornographic parody film
Porndogs: The Adventures of Sadie	Q185529	pornographic film
Porno Esotic Love	Q185529	pornographic film
Porno Holocaust	Q185529, Q2292320	pornographic film, sexploitation film
Porno - Made in Denmark	Q185529	pornographic film
Pornochic 28: Claire & Lana	Q185529	pornographic film
Pornography: A Musical	Q185529	pornographic film
Pornography in Denmark: A New Approach	Q124391280, Q185529	Danish sex documentary film, pornographic film
Pornstar Athletics 2	Q185529	pornographic film
Pornstar Superheroes	Q185529	pornographic film
Pornstar Wannabes 4	Q185529	pornographic film
Portrait of a Call Girl	Q185529	pornographic film
POV Jugg Fuckers 2	Q185529	pornographic film
POV Pervert	Q185529	pornographic film
Power Bangers	Q185529	pornographic film
Power Bitches 2	Q185529	pornographic film
Practice Makes Perfect	Q2275499	sex film
Prague Buddies	Q185529	pornographic film
Prague Buddies 3: Liebestod	Q185529	pornographic film
Prague Buddies 4: Tales of the Ancient Bohemian Woods	Q185529	pornographic film
Prague by Night	Q185529	pornographic film
Prague by Night 2	Q185529	pornographic film
Preaching to the Perverted	Q3461143	BDSM-themed film
Pregnant In Prague 2	Q185529	pornographic film
Presídio de Mulheres Violentadas	Q4047254	Pornochanchada
Pretty Girl	Q185529	pornographic film
Pretty Peaches	Q185529	pornographic film
Pretty Peaches 2	Q185529	pornographic film
Prison Girl	Q1194365, Q185529	pink film / pinku eiga, pornographic film
Prison Girls	Q185529, Q2292320	pornographic film, sexploitation film
Prisoner of Paradise	Q185529	pornographic film
Private Gaia 1: Les obstacles de l'amour	Q185529	pornographic film
Private Gaia 2: Irresistible Silvie	Q185529	pornographic film
Private Gladiator: In the City of Lust	Q16254232, Q185529	pornographic parody film, pornographic film
Private Gold 1: A Study in Sex	Q185529	pornographic film
Private Gold 93: The Sexual Adventures Of Little Red	Q185529	pornographic film
Private Lessons	Q2292320	sexploitation film
Private Lessons: Home Teacher's Breast	Q1194365, Q185529	pink film / pinku eiga, pornographic film
Private School	Q2991560	sex comedy
Private School Girls	Q2275499, Q2991560	sex film, sex comedy
Private Sports 1: Moto XXX	Q185529	pornographic film
Private Teacher	Q185529	pornographic film
Private Video Magazine 20	Q185529	pornographic film
Professor Marston & The Wonder Women	Q3461143	BDSM-themed film
Programmed for Pleasure	Q185529	pornographic film
Project GoGo Boy	Q128145358	gay pornographic film
Project X	Q185529	pornographic film
Promises! Promises!	Q2292320	sexploitation film
Pron: The XXX Parody	Q185529	pornographic film
Prostitution	Q185529	pornographic film
Public Lavatory: I've Been Loitering	Q1194365, Q185529	pink film / pinku eiga, pornographic film
Punyu katsu: Ippai daisuki	Q1194365	pink film / pinku eiga
Pussies Being Filled With Huge Loads! Right Before Ejaculation! Girls Getting Ejaculated Into 100 Times 8 Hours	Q185529	pornographic film
Put Your Devil Into My Hell	Q2275499	sex film
Queen of Elephants	Q185529	pornographic film
Queen of Hearts	Q109733294	erotic thriller film
Quiet Days in Clichy	Q185529	pornographic film
Quiver Queen: Chanel Camryn 90's Theme Showcase	Q185529	pornographic film
Raiders of the Lost Arse	Q128145358, Q16254232	gay pornographic film, pornographic parody film
Rambone XXX: A DreamZone Parody	Q185529	pornographic film
Ranch of the Nymphomaniac Girls	Q2275499	sex film
Ransom	Q185529	pornographic film
Rape! 13th Hour	Q1194365	pink film / pinku eiga
Rape Ceremony	Q1194365	pink film / pinku eiga
Raped by an Angel	Q2292320	sexploitation film
Raped by an Angel 2: The Uniform Fan	Q2292320	sexploitation film
Raped with Eyes: Daydream	Q1194365, Q185529	pink film / pinku eiga, pornographic film
Rapt in Love	Q2292320	sexploitation film
Rapture: The Pavel Dubcek Legend	Q185529	pornographic film
Rasputin: Orgies in the Tsar's Court	Q185529	pornographic film
Rat' mal, wer heut bei uns schläft...?	Q2275499	sex film
Raw Brim Beautiful Wife: Cuckold in Delusion	Q1194365	pink film / pinku eiga
Raw Talent	Q185529	pornographic film
Rawhide	Q185529	pornographic film
Rawhide II: Dirty Deeds	Q185529	pornographic film
Re-Penetrator	Q16254232	pornographic parody film
Real Housewives of the San Fernando Valley – A XXX Parody	Q16254232	pornographic parody film
Real Underwear Body	Q1194365, Q185529	pink film / pinku eiga, pornographic film
Realities 2	Q185529	pornographic film
Rebecca	Q109733294	erotic thriller film
Rebecca, an Indecent Story	Q185529	pornographic film
Red, White and Blue	Q2292320	sexploitation film
Reel People	Q185529	pornographic film
Reform School Girl	Q2292320	sexploitation film
Ren'ai sōdan: O-kuchi ni dekinai o toshigoro	Q1194365	pink film / pinku eiga
Rental College Student, Carnal Desire In Arrears	Q1194365	pink film / pinku eiga
Rest in Pieces	Q185529	pornographic film
Resurrection of Eve	Q185529	pornographic film
Retreat Through the Wet Wasteland	Q1194365	pink film / pinku eiga
Revenge of a Daughter	Q185529	pornographic film
Revenge of the East Frisians	Q2275499	sex film
Revenge of the Petites	Q185529	pornographic film
Rezervoir Doggs	Q16254232, Q185529	pornographic parody film, pornographic film
Ride Me Hard	Q185529	pornographic film
Riders	Q185529	pornographic film
Ridskolan 2: Sexskolan	Q185529	pornographic film
Ridskolan 3: Skidskolan	Q185529	pornographic film
Ridskolan 4: Hälsoskolan	Q185529	pornographic film
Ridskolan 5: Bilskolan	Q185529	pornographic film
Rings of Passion	Q185529	pornographic film
Rio Sex Comedy	Q2991560	sex comedy
Ritual	Q185529	pornographic film
Robin Hood	Q185529	pornographic film
Robinson and His Tempestuous Slaves	Q2275499	sex film
Robinson Crusoe on Sin Island	Q185529	pornographic film
Robotrix	Q2292320	sexploitation film
Rocco: Animal Trainer	Q185529	pornographic film
Rocco Meats an American Angel in Paris	Q185529	pornographic film
Rocco More Than Ever 2	Q185529	pornographic film
Rocco Ravishes the Czech Republic	Q185529	pornographic film
Rocco's Abbondanza: Big Boobs	Q185529	pornographic film
Rocco's Double Anal Festival	Q185529	pornographic film
Rock Erotic Picture Show	Q185529	pornographic film
Rockey X	Q16254232, Q185529	pornographic parody film, pornographic film
Rockey X 2: The Final Round	Q185529	pornographic film
Rockin' with Seka	Q185529	pornographic film
Rocky XXX: A Parody Thriller	Q185529	pornographic film
Roger Dodger	Q2991560	sex comedy
Roller Dollz	Q185529	pornographic film
Rolls-Royce Baby	Q2292320	sexploitation film
Romeo and Julia	Q185529	pornographic film
Ronal the Barbarian	Q3461143	BDSM-themed film
Room for Rent	Q185529	pornographic film
Roommates	Q185529	pornographic film
Rope and Breasts	Q1194365	pink film / pinku eiga
Rope and Skin	Q1194365	pink film / pinku eiga
Rope Cosmetology	Q1194365	pink film / pinku eiga
Rope Hell	Q1194365, Q185529	pink film / pinku eiga, pornographic film
Rosalia	Q185529	pornographic film
Rotkäppchen: The Blood of Red Riding Hood	Q185529	pornographic film
Roxy 1991	Q185529	pornographic film
Roxy 1993	Q185529	pornographic film
Rule 34	Q3461143	BDSM-themed film
Rump Raiders 4	Q185529	pornographic film
Run with Fear	Q185529	pornographic film
Rush 2002	Q185529	pornographic film
Russian Country Holidays	Q185529	pornographic film
Russian Institute	Q185529	pornographic film
Russian Institute: The Headmistress	Q185529	pornographic film
Russian Lolita	Q185529	pornographic film
S&M Hunter	Q1194365	pink film / pinku eiga
Saaya & Koharu	Q1194365	pink film / pinku eiga
Sacré Collège	Q185529	pornographic film
Sacred Flesh	Q2292320	sexploitation film
Sacred Sin	Q185529	pornographic film
Sad and Painful Search: Office Lady Essay	Q1194365, Q185529	pink film / pinku eiga, pornographic film
Sadomania	Q2292320	sexploitation film
Sahara	Q185529	pornographic film
Sailor Poon: A XXX Interactive Parody	Q16254232, Q185529	pornographic parody film, pornographic film
Salon Kitty	Q2292320	sexploitation film
Saloon Kiss	Q185529	pornographic film
Salt & Pepper Boys	Q185529	pornographic film
Sarah & Friends 18	Q185529	pornographic film
Sarah: Pornochic 4	Q185529	pornographic film
Sasha Grey's Anatomy	Q185529	pornographic film
Sasha Grey Superslut	Q185529	pornographic film
Sassy Sue	Q2292320	sexploitation film
Satan's Baby Doll	Q185529	pornographic film
Satan Was a Lady	Q185529	pornographic film
Satyr 1996	Q185529	pornographic film
Saw: A Hardcore Parody	Q185529	pornographic film
Scandal	Q185529	pornographic film
Scandal in the Vatican	Q185529	pornographic film
Scandale	Q185529	pornographic film
Scandalo in famiglia	Q2991565	commedia sexy all'italiana
Scandalo on line all'università	Q185529	pornographic film
Scared Stiff	Q185529	pornographic film
Scarlet Prostitute: Stabbing	Q1194365, Q185529	pink film / pinku eiga, pornographic film
School for Lovers	Q128145358	gay pornographic film
School for Sex	Q2292320	sexploitation film
School for Swingers	Q2275499	sex film
School Girl	Q185529	pornographic film
School Girls 1	Q185529	pornographic film
School Girls 2	Q185529, Q2275499	pornographic film, sex film
School of Surrender	Q185529	pornographic film
School of the Holy Beast	Q1194365, Q3461143	pink film / pinku eiga, BDSM-themed film
Schoolboy Crush	Q128145358	gay pornographic film
Schoolgirl Report 6: What Parents Would Gladly Hush Up	Q2275499	sex film
Schoolgirl Report Part 2: What Keeps Parents Awake at Night	Q2275499	sex film
Schoolgirl Report Part 5: What All Parents Should Know	Q2275499	sex film
Schoolgirls Growing Up	Q2275499	sex film
Schoolgirls in Chains	Q2292320	sexploitation film
Schulmädchen-Report	Q2292320	sexploitation film
Schwestern vom Not-Dienst	Q185529	pornographic film
Scooby Doo: A XXX Parody	Q16254232, Q185529	pornographic parody film, pornographic film
Score 1973	Q185529	pornographic film
Screen Test 04	Q185529	pornographic film
Scum of the Earth!	Q2292320	sexploitation film
Second Chances	Q185529	pornographic film
Second Coming of Eva	Q185529	pornographic film
Secret Desires of Young Girls	Q2275499	sex film
Secrets Behind the Wall	Q1194365, Q185529	pink film / pinku eiga, pornographic film
Secrets of Kamasutra	Q185529	pornographic film
Secrets of Naked Girls	Q2275499	sex film
Secrets of Sweet Sixteen	Q2275499	sex film
Secrets of the Abbey	Q185529	pornographic film
Section disciplinaire	Q185529	pornographic film
Seinfeld: A XXX Parody	Q16254232, Q185529	pornographic parody film, pornographic film
Seinfeld: A XXX Parody 2	Q16254232	pornographic parody film
Selen The Girl of the Treasure Island	Q185529	pornographic film
Self Service Girls	Q2275499	sex film
Sensational Janine	Q185529	pornographic film
Sensations	Q185529	pornographic film
Serial Rape: Perverted Experiment	Q1194365, Q185529	pink film / pinku eiga, pornographic film
Sesso nero	Q185529	pornographic film
Setsuna	Q1194365	pink film / pinku eiga
Seven Deadly Sins	Q185529	pornographic film
Sex & Fury	Q1194365	pink film / pinku eiga
Sex & The City: The Original XXX Parody	Q16254232	pornographic parody film
Sex... 13 Beaufort	Q2275499	sex film
Sex 2 1993	Q185529	pornographic film
Sex 2: Fate	Q185529	pornographic film
Sex Addiction: The Wet Daily Life of a Manzai Comedy Artist	Q1194365	pink film / pinku eiga
Sex and the City 2	Q2991560	sex comedy
Sex City	Q185529	pornographic film
Sex Connection	Q2275499	sex film
Sex Demon Human 1 - Estrous Cycle	Q1194365	pink film / pinku eiga
Sex Detective Hatenashi	Q1194365	pink film / pinku eiga
Sex Detective Nana: The Phantom Of The Sauna	Q1194365	pink film / pinku eiga
Sex Detective Nana: The Phantom of the Sauna	Q1194365	pink film / pinku eiga
Sex Door Neighbors	Q185529	pornographic film
Sex Dreams Report	Q2275499	sex film
Sex Galore	Q185529	pornographic film
Sex Guy's Inn: Women's Wiggling Asses	Q1194365, Q185529	pink film / pinku eiga, pornographic film
Sex Is a Deadly Game	Q185529	pornographic film
Sex Jack	Q1194365, Q185529	pink film / pinku eiga, pornographic film
Sex Life in a Convent	Q2275499	sex film
Sex Life of Robots	Q185529	pornographic film
Sex, Love and Happiness	Q2292320	sexploitation film
Sex Machina: a XXX Parody	Q16254232	pornographic parody film
Sex Madness	Q2292320	sexploitation film
Sex Play	Q2991560	sex comedy
Sex Psycho	Q185529	pornographic film
Sex Service	Q2275499	sex film
Sex Shot	Q185529	pornographic film
Sex, Sinners & Saints	Q185529	pornographic film
Sex Stories	Q185529	pornographic film
Sex Trek: Charly XXX	Q16254232, Q185529	pornographic parody film, pornographic film
Sex Trek III: The Wrath of Bob	Q16254232, Q185529	pornographic parody film, pornographic film
Sex Trek: The Man Eater	Q16254232, Q185529	pornographic parody film, pornographic film
Sex Trek: Where No Man Has Cum Before	Q16254232, Q185529	pornographic parody film, pornographic film
Sex way	Q185529	pornographic film
Sex with a Stranger	Q185529	pornographic film
Sex with Covid-19	Q185529	pornographic film
Sex World	Q185529	pornographic film
Sexbots: Programmed For Pleasure	Q185529	pornographic film
Sexcapades	Q185529	pornographic film
Sexpionage: The Drake Chronicles	Q185529	pornographic film
Sexual Healing	Q185529	pornographic film
Sexy Adventures of Van Helsing	Q2991560	sex comedy
Sexy Battle Girls	Q1194365	pink film / pinku eiga
Sexy Ebony Queen Porn... Houstons Own Kimberly Brinks	Q185529	pornographic film
Sexy Massage Fantasies	Q185529	pornographic film
Sexy Partners	Q1194365, Q185529	pink film / pinku eiga, pornographic film
Sexy Selena Rose	Q185529	pornographic film
Sexy Sluts: Been There, Done That	Q185529	pornographic film
Shades of Scarlet	Q185529	pornographic film
Shades of Scarlet 2: Higher Power	Q185529	pornographic film
Shagnet	Q185529	pornographic film
Shameful Family: Pin Down Technique	Q1194365, Q185529	pink film / pinku eiga, pornographic film
Shayla's Web	Q185529	pornographic film
She Devils of the SS	Q2275499	sex film
She is Such a Woman	Q185529	pornographic film
She's No Angel	Q3461143	BDSM-themed film
She's Some Woman Doctor... Boys	Q185529	pornographic film
She-Wolves of the Wasteland	Q2292320	sexploitation film
Shifting Gears: A Bisexual Transmission	Q140380310	bisexual pornographic film
Shimoneta trio: Madonna o nerae	Q1194365	pink film / pinku eiga
Shirts Up Knickers Down	Q2275499	sex film
Shitty Shitty Bang Bang	Q185529	pornographic film
Shivers	Q109733294	erotic thriller film
Shock 1995	Q185529	pornographic film
Shokuba hi-jiru: Mashô no yubi tsukai	Q1194365	pink film / pinku eiga
Should a Schoolgirl Tell?	Q2275499	sex film
Showgirls	Q2292320	sexploitation film
Shredded	Q185529	pornographic film
Sì... lo voglio!	Q185529	pornographic film
Silip 1985	Q2292320	sexploitation film
Simpsons: The XXX Parody	Q16254232, Q185529	pornographic parody film, pornographic film
Sins of Sister Lucia	Q1194365, Q2292320	pink film / pinku eiga, sexploitation film
Sirens	Q185529	pornographic film
Sister Dearest	Q185529	pornographic film
Sisters of Anarchy	Q185529	pornographic film
Six Swedish Girls in a Boarding School	Q2275499	sex film
Six Swedish Girls in the Alps	Q2275499	sex film
Skin Deep	Q2991560	sex comedy
Slaughter Disc	Q185529	pornographic film
Slaughtered Vomit Dolls	Q2292320	sexploitation film
Slave to Love	Q185529	pornographic film
Slave Widow	Q1194365	pink film / pinku eiga
Slaves of the Realm	Q185529	pornographic film
Sleeping Forest Michiko	Q1194365	pink film / pinku eiga
SM Teacher: Tied Up by Students	Q1194365, Q185529	pink film / pinku eiga, pornographic film
Smart Alec	Q185529	pornographic film
Smartie Pants	Q2275499	sex film
Smooth Velvet	Q2292320	sexploitation film
Snacks	Q185529	pornographic film
Snake Eyes II	Q185529	pornographic film
Snoop Dogg's Doggystyle	Q185529	pornographic film
Snoop Dogg's Hustlaz: Diary of a Pimp	Q185529	pornographic film
Snow White & 7 Dwarfs	Q16254232, Q185529	pornographic parody film, pornographic film
Snow White and the Seven Perverts	Q185529	pornographic film
Snow White... Ten Years Later	Q185529	pornographic film
Snow White XXX: An Axel Braun Parody	Q16254232, Q185529	pornographic parody film, pornographic film
So Intimate	Q2275499	sex film
Soak in Your Pleasure	Q1194365	pink film / pinku eiga
Sodom and Gomorrah: The Last Seven Days	Q185529	pornographic film
Sodomania 5	Q185529	pornographic film
Sodomites	Q185529	pornographic film
Sofia Curly Casting	Q185529	pornographic film
Soft Shoulders, Sharp Curves	Q2275499	sex film
Sold at Dawn	Q185529	pornographic film
Someday's Summer: A Campus of Love at Dusk	Q1194365	pink film / pinku eiga
Sopping Wet Married Teacher: Doing It in Uniform	Q1194365	pink film / pinku eiga
Sorority Sex Kittens	Q185529	pornographic film
Sorry, Wrong Bedroom	Q2275499	sex film
Soubrettes Services	Q185529	pornographic film
Soubrettes Services: Anna apprentie soubrette	Q185529	pornographic film
Soubrettes Services: Claire & Cara à votre service	Q185529	pornographic film
Soubrettes Services: L'Education d'une Jeune Soubrette	Q185529	pornographic film
Soubrettes Services: Les soubrettes de madame	Q185529	pornographic film
Soubrettes services: Lola au plaisir de Monsieur	Q185529	pornographic film
Soubrettes Services: Madame et sa soubrette	Q185529	pornographic film
Soubrettes Services: Soubrettes à partager	Q185529	pornographic film
Soubrettes Services: Special Stars	Q185529	pornographic film
Soubrettes Services: Trainees	Q185529	pornographic film
Space Nuts	Q16254232, Q185529	pornographic parody film, pornographic film
Space Virgins	Q185529	pornographic film
Spanking Love	Q1194365, Q185529	pink film / pinku eiga, pornographic film
Spartacus MMXII: The Beginning	Q185529	pornographic film
Speed 2010	Q185529	pornographic film
Speed 2011	Q185529	pornographic film
Spider-Man XXX 2: An Axel Braun Parody	Q16254232	pornographic parody film
Spider-Man XXX: A Porn Parody	Q16254232, Q185529	pornographic parody film, pornographic film
SpideyPool XXX: An Axel Braun Parody	Q16254232	pornographic parody film
Spirit of Seventy Sex	Q185529	pornographic film
Splendor in the Ass	Q185529	pornographic film
SpongeKnob SquareNuts	Q16254232	pornographic parody film
SpongeKnob SquareNuts: The XXX Parody	Q185529	pornographic film
Sporty Girls	Q185529	pornographic film
Sporty Girls 2	Q185529	pornographic film
Sporty Girls 3	Q185529	pornographic film
Spunk'd - The Movie	Q16254232, Q185529	pornographic parody film, pornographic film
Spying on Val Steele	Q185529	pornographic film
Squealer	Q185529	pornographic film
Squillo	Q109733294	erotic thriller film
Squirtamania	Q185529	pornographic film
Squirting for Extra Credit	Q185529	pornographic film
SS Girls	Q2292320	sexploitation film
St. Tropez	Q185529	pornographic film
Stangata in Famiglia	Q2991560	sex comedy
Star Trek: The Next Generation - A XXX Parody	Q16254232	pornographic parody film
Star Wars: A Gay XXX Parody	Q128145358, Q16254232	gay pornographic film, pornographic parody film
Star Wars The Mandalorian: Ahsoka Tano A XXX Parody	Q16254232, Q185529	pornographic parody film, pornographic film
Star Wars Underworld: a XXX Parody	Q16254232	pornographic parody film
Star Wars XXX: A Porn Parody	Q16254232, Q185529	pornographic parody film, pornographic film
Starlet	Q2275499, Q2292320	sex film, sexploitation film
Starlet Nights	Q185529	pornographic film
Starship Eros	Q185529	pornographic film
Stavros	Q185529	pornographic film
Still Up in This XXX	Q185529	pornographic film
Stolen Honour: Part 1: The Betrayal	Q185529	pornographic film
Stolen Honour Part 2: Innocence Lost for Virginal Lesbian Slaves	Q185529	pornographic film
Stonewall & Riot: The Ultimate Orgasm	Q185529	pornographic film
Storm of Kings	Q16254232	pornographic parody film
Stormy's Secret	Q185529	pornographic film
Story of Laly	Q185529	pornographic film
Story of O	Q3461143	BDSM-themed film
Story of O - Chapter 2	Q3461143	BDSM-themed film
Strap Attack	Q185529	pornographic film
Strap Attack 4	Q185529	pornographic film
Stripped to Kill	Q2292320	sexploitation film
Stripped to Kill II: Live Girls	Q2292320	sexploitation film
Striptease	Q2991560	sex comedy
Strokémon: The XXX Parody	Q185529	pornographic film
Stuck on You!	Q2292320	sexploitation film
Stud Hunters	Q185529	pornographic film
Submissive Man Suddenly Shows Up At A Sleepover And Gets Teased By And Cums Inside Two Devilishly Cute Girls From Sundown To Sunup! Starring Hana Shirato and Mai Kagari	Q1194365	pink film / pinku eiga
Suburban Secrets	Q185529	pornographic film
Suburban Wives	Q2292320	sexploitation film
Subway Serial Rape: Lover Hunting	Q1194365, Q185529	pink film / pinku eiga, pornographic film
Sugar Cookies	Q185529	pornographic film
Suicide Squad XXX: An Axel Braun Parody	Q16254232, Q185529	pornographic parody film, pornographic film
Sukebe hanbô-ki: Môretsu tarashikomi	Q1194365	pink film / pinku eiga
Sukkubus	Q2292320	sexploitation film
Summer Camp	Q2991560	sex comedy
Summer Games	Q185529	pornographic film
Summer of Sex	Q185529	pornographic film
Sunny Goldmelons	Q185529	pornographic film
Suor Emanuelle	Q2292320	sexploitation film
Super Hornio Brothers	Q16254232, Q185529	pornographic parody film, pornographic film
Superbad	Q2991560	sex comedy
Superclimax	Q2275499, Q2292320	sex film, sexploitation film
Supergirl XXX – An Axel Braun Parody	Q16254232	pornographic parody film
Superman vs. Spider-Man XXX: An Axel Braun Parody	Q16254232, Q185529	pornographic parody film, pornographic film
Supermodels Arschgefickt	Q185529	pornographic film
Supervixens	Q2292320	sexploitation film
Surfside Sex	Q185529	pornographic film
Swallowed 1	Q185529	pornographic film
Swallowed 10	Q185529	pornographic film
Swallowed 11	Q185529	pornographic film
Swallowed 12	Q185529	pornographic film
Swallowed 13	Q185529	pornographic film
Swallowed 14	Q185529	pornographic film
Swallowed 15	Q185529	pornographic film
Swallowed 16	Q185529	pornographic film
Swallowed 17	Q185529	pornographic film
Swallowed 18	Q185529	pornographic film
Swallowed 19	Q185529	pornographic film
Swallowed 2	Q185529	pornographic film
Swallowed 20	Q185529	pornographic film
Swallowed 21	Q185529	pornographic film
Swallowed 22	Q185529	pornographic film
Swallowed 23	Q185529	pornographic film
Swallowed 24	Q185529	pornographic film
Swallowed 25	Q185529	pornographic film
Swallowed 26	Q185529	pornographic film
Swallowed 27	Q185529	pornographic film
Swallowed 28	Q185529	pornographic film
Swallowed 29	Q185529	pornographic film
Swallowed 3	Q185529	pornographic film
Swallowed 30	Q185529	pornographic film
Swallowed 31	Q185529	pornographic film
Swallowed 32	Q185529	pornographic film
Swallowed 33	Q185529	pornographic film
Swallowed 34	Q185529	pornographic film
Swallowed 35	Q185529	pornographic film
Swallowed 36	Q185529	pornographic film
Swallowed 4	Q185529	pornographic film
Swallowed 5	Q185529	pornographic film
Swallowed 6	Q185529	pornographic film
Swallowed 7	Q185529	pornographic film
Swallowed 8	Q185529	pornographic film
Swallowed 9	Q185529	pornographic film
Swedish Fly Girls	Q2292320	sexploitation film
Swedish Love Story	Q185529, Q2275499	pornographic film, sex film
Swedish Nympho Slaves	Q2292320	sexploitation film
Swedish Wildcats	Q185529	pornographic film
Sweet Alice	Q185529	pornographic film
Sweet Derriere	Q2275499, Q84041	sex film, Bavarian porn
Sweet Savage	Q185529	pornographic film
Sweet Scent Of Eros	Q1194365	pink film / pinku eiga
Sweet Trap	Q1194365	pink film / pinku eiga
Sweet Young Foxes	Q185529	pornographic film
Swingers Orgies	Q185529	pornographic film
Swingers Orgies 2	Q185529	pornographic film
Swingers Orgies 3	Q185529	pornographic film
Swingers Orgies 4	Q185529	pornographic film
Swingin' Models	Q2275499	sex film
Swingin' Swappers	Q2275499	sex film
Switch Hitters 8	Q185529	pornographic film
Taboo 12	Q185529	pornographic film
Taboo 13	Q185529	pornographic film
Taboo 14: Kissing Cousins	Q185529	pornographic film
Taboo 15	Q185529	pornographic film
Taboo 16	Q185529	pornographic film
Taboo 17	Q185529	pornographic film
Taboo 18	Q185529	pornographic film
Taboo 19	Q185529	pornographic film
Taboo 1980	Q185529	pornographic film
Taboo 2001: Sex Odyssey	Q185529	pornographic film
Taboo 21	Q185529	pornographic film
Taboo 22	Q185529	pornographic film
Taboo 23	Q185529	pornographic film
Taboo II	Q185529	pornographic film
Taboo III	Q185529	pornographic film
Taboo IV: The Younger Generation	Q185529	pornographic film
Taboo IX	Q185529	pornographic film
Taboo of Tarot	Q185529	pornographic film
Taboo V: The Secret	Q185529	pornographic film
Taboo VI: The Obsession	Q185529	pornographic film
Taboo VII: The Wild and the Innocent	Q185529	pornographic film
Taboo VIII	Q185529	pornographic film
Taboo X	Q185529	pornographic film
Taboo XI	Q185529	pornographic film
Tails from the Toilet	Q185529	pornographic film
Take It Out in Trade	Q2292320	sexploitation film
Take Me Naked	Q2292320	sexploitation film
Take Off	Q185529	pornographic film
Tales From The Crack	Q185529	pornographic film
Talk Dirty to Me	Q185529	pornographic film
Talk Dirty to Me Part III	Q185529	pornographic film
Tampa Tushy Fest, Part 1	Q185529	pornographic film
Tanya 1976	Q2292320	sexploitation film
Tarzan - Shame of Jane	Q185529	pornographic film
Tarzan, the Ape Man	Q2292320	sexploitation film
Tarzoon: Shame of the Jungle	Q4373044	cartoon pornography
Tatiana 1	Q185529	pornographic film
Tattooed Flower Vase	Q1194365, Q185529	pink film / pinku eiga, pornographic film
Taxi de nuit	Q185529	pornographic film
Taxi Driver: A XXX Parody	Q16254232	pornographic parody film
Tea Time	Q185529	pornographic film
Teaserama	Q2292320	sexploitation film
Teen Power 3	Q185529	pornographic film
Teen Power 5	Q185529	pornographic film
Teen Power 6	Q185529	pornographic film
Teen Power 7	Q185529	pornographic film
Teen Sensation 10	Q185529	pornographic film
Teen Titans: Jinxed	Q16254232, Q4373044	pornographic parody film, cartoon pornography
Teen Titans: Sladed	Q16254232, Q4373044	pornographic parody film, cartoon pornography
Teen Titans: Tentacles	Q16254232, Q4373044	pornographic parody film, cartoon pornography
Teenage Bride	Q2275499	sex film
Teenage Intimacies	Q2275499	sex film
Teenage Lesbian	Q125719481	lesbian pornographic film
Teenage Masseuse	Q185529	pornographic film
Teenage Playmates	Q2275499	sex film
Teenage Sex Report	Q2292320	sexploitation film
Teenage Soap 3	Q185529	pornographic film
Teenage Tramp	Q2292320	sexploitation film
Teenager-Report	Q2275499	sex film
Telefantasy	Q185529	pornographic film
Temptation Prostitute Of Sora And Shidod	Q1194365	pink film / pinku eiga
Ten Inch Mutant Ninja Turtles: The XXX Parody	Q16254232, Q185529	pornographic parody film, pornographic film
Ten Little Maidens	Q185529	pornographic film
Terrifying Girls' High School: Lynch Law Classroom	Q1194365	pink film / pinku eiga
Thar She Blows!	Q2292320	sexploitation film
That Boy	Q128145358	gay pornographic film
That Dick Taste's Like Money	Q128145358	gay pornographic film
That's Life	Q185529	pornographic film
That's Life 2	Q185529	pornographic film
The 40-Year-Old Virgin	Q2991560	sex comedy
The 66th Day	Q185529	pornographic film
The 8th Day	Q185529	pornographic film
The 8th Sin	Q185529	pornographic film
The A-Team XXX – A Parody	Q16254232	pornographic parody film
The Abductors	Q2292320	sexploitation film
The Addams Family XXX	Q16254232, Q185529	pornographic parody film, pornographic film
The Adult Version of Jekyll & Hide	Q185529	pornographic film
The Adventure Of Magical Michiko	Q1194365	pink film / pinku eiga
The Adventures of Dick Black, the Black Dick	Q185529	pornographic film
The Adventures of Lucky Pierre	Q2292320	sexploitation film
The Amazing Transplant	Q2292320	sexploitation film
The Anchor Hotel	Q128145358	gay pornographic film
The Angel and the Beasts	Q2292320	sexploitation film
The Art of Kissing	Q185529	pornographic film
The Autobiography of a Flea	Q185529	pornographic film
The Awakening	Q185529	pornographic film
The Bailiff Is Working Overtime	Q185529	pornographic film
The Bamboo House of Dolls	Q2292320	sexploitation film
The Beach Girls	Q2991560	sex comedy
The Beauties and the Creep	Q185529	pornographic film
The Best Movie 3	Q2991560	sex comedy
The Best of the Gangbang Girls Series	Q185529	pornographic film
The Big Lebowski: A XXX Parody	Q16254232, Q185529	pornographic parody film, pornographic film
The Bite	Q1194365, Q185529	pink film / pinku eiga, pornographic film
The Black Alley Cats	Q2292320	sexploitation film
The Black Hand	Q2275499	sex film
The Blair Witch Project: A Hardcore Parody	Q16254232, Q185529	pornographic parody film, pornographic film
The Blood Rose	Q2292320	sexploitation film
The Blueprint	Q185529	pornographic film
The Breakfast Club: A XXX Parody	Q185529	pornographic film
The Budding of Brie	Q185529	pornographic film
The Catwoman	Q185529	pornographic film
The Cellar Dweller 2: Back in the Basement	Q185529	pornographic film
The Chameleon	Q185529	pornographic film
The Class Reunion	Q2292320	sexploitation film
The Cocktail Hostesses	Q2275499	sex film
The Collector	Q185529	pornographic film
The Condemned	Q185529	pornographic film
The Couples of Boulogne	Q2275499	sex film
The Craving	Q185529	pornographic film
The Crush	Q185529	pornographic film
The Curse of Her Flesh	Q2292320	sexploitation film
The Dancer	Q185529	pornographic film
The Dancers	Q185529, Q2275499	pornographic film, sex film
The Dark Knight XXX: A Porn Parody	Q16254232, Q185529	pornographic parody film, pornographic film
The Dead Thing	Q109733294	erotic thriller film
The Demons	Q2292320	sexploitation film
The Devil in Miss Jones	Q185529	pornographic film
The Devil in Miss Jones 3: A New Beginning	Q185529	pornographic film
The Devil in Mr. Holmes	Q185529	pornographic film
The Devil's Female	Q2292320	sexploitation film
The Devil's Lair	Q185529	pornographic film
The Devil's Little Apple	Q2991560	sex comedy
The Devil Wears Nada	Q2991560	sex comedy
The Dirty Mind of Young Sally	Q2292320	sexploitation film
The Disciplined Woman	Q2275499	sex film
The Doctor Has Huge Boobs	Q185529	pornographic film
The Dream of Garuda	Q1194365	pink film / pinku eiga
The Education of Erica	Q185529	pornographic film
The Embryo Hunts in Secret	Q1194365, Q185529	pink film / pinku eiga, pornographic film
The Erotic Adventures of Aladdin X	Q185529	pornographic film
The Erotic Adventures of Candy	Q185529	pornographic film
The Erotic Adventures of Marco Polo	Q185529	pornographic film
The Erotic Adventures of Siegfried	Q2275499	sex film
The Erotic Dreams of Cleopatra	Q2275499	sex film
The Erotic Exploits of Maciste in Atlantis	Q185529	pornographic film
The Erotic Man	Q185529	pornographic film
The Erotic Memoirs of a Male Chauvinist Pig	Q185529	pornographic film
The Eternal Evil of Asia	Q2292320	sexploitation film
The Evil Nurse	Q185529	pornographic film
The Exotic Dreams of Casanova	Q2292320	sexploitation film
The Exotic House of Wax	Q185529	pornographic film
The Eyes	Q2275499	sex film
The Farm	Q3461143	BDSM-themed film
The Felines	Q2275499	sex film
The Female Bunch	Q2292320	sexploitation film
The Fifth Dimension of Sex	Q185529, Q2292320	pornographic film, sexploitation film
The Fisherman's Wife	Q1194365, Q185529	pink film / pinku eiga, pornographic film
The Flintstones: A XXX Parody	Q16254232	pornographic parody film
The Fluffer	Q128145358	gay pornographic film
The Four of Us	Q2275499	sex film
The Fruit is Ripe	Q2292320	sexploitation film
The Fugitive	Q16254232, Q185529	pornographic parody film, pornographic film
The Geek	Q185529	pornographic film
The General's Nephews	Q2275499	sex film
The Ghostess with the Mostess	Q185529	pornographic film
The Gift	Q125719481, Q185529	lesbian pornographic film, pornographic film
The Girl Next Door: Taste of Short Steps	Q1194365, Q185529	pink film / pinku eiga, pornographic film
The Glamorous Life of Sachiko Hanai	Q1194365	pink film / pinku eiga
The Goat Man	Q185529	pornographic film
The Good Girl	Q185529	pornographic film
The Good Old Naughty Days	Q185529	pornographic film
The Good, the Bad and the Beautiful	Q2292320	sexploitation film
The Grafenberg Spot	Q185529	pornographic film
The Great Sexual Beast: The Greatest Climax on the Hill of Shame	Q1194365	pink film / pinku eiga
The Grumpy Sisters - Pleasure-Seeking Trip	Q1194365	pink film / pinku eiga
The Haunted World of El Superbeasto	Q185529	pornographic film
The Healers	Q2275499	sex film
The House of 1,000 Dolls	Q2292320	sexploitation film
The House of Morecock	Q128145358, Q16254232	gay pornographic film, pornographic parody film
The Human Sexipede	Q16254232, Q185529	pornographic parody film, pornographic film
The Image	Q185529	pornographic film
The Incredible Hulk XXX: A Porn Parody	Q16254232, Q185529	pornographic parody film, pornographic film
The Ingenuous	Q185529	pornographic film
The Jade Pussycat	Q185529	pornographic film
The Jenny Hendrix Anal Experience	Q185529	pornographic film
The Key Hole	Q185529, Q2275499	pornographic film, sex film
The Kindhearted Man	Q1194365	pink film / pinku eiga
The Ladies Man	Q2991560	sex comedy
The Lady Medic	Q2991565	commedia sexy all'italiana
The Lady of the Black Moons	Q2292320	sexploitation film
The Language of Erika	Q185529	pornographic film
The Last American Virgin	Q2991560	sex comedy
The Last Shag	Q185529	pornographic film
The Last Word in Sex	Q185529	pornographic film
The Libertine	Q2275499	sex film
The Lickerish Stranger	Q1194365	pink film / pinku eiga
The Life and Times of Xaviera Hollander	Q185529	pornographic film
The Little Fat One With the Big Long One	Q2275499	sex film
The Long Weekend	Q2991560	sex comedy
The Love Box	Q2275499	sex film
The Loves of Cynthia	Q185529	pornographic film
The Lustful Vicar	Q2275499	sex film
The Mad Love Life of a Hot Vampire	Q185529	pornographic film
The Mailman	Q2292320	sexploitation film
The Manson Massacre	Q2292320	sexploitation film
The Marshmallow Experiment	Q2991560	sex comedy
The Masseuse	Q185529	pornographic film
The Masseuse 2	Q185529	pornographic film
The Men I Wanted	Q128145358	gay pornographic film
The Merger	Q185529	pornographic film
The MILF Masseuse	Q125719481	lesbian pornographic film
The Miner' Wife ... Takes Her Pick	Q2275499	sex film
The Modifuckrs	Q16254232	pornographic parody film
The Naughty Twins	Q185529	pornographic film
The New Barbarians	Q185529	pornographic film
The New Barbarians 2	Q185529	pornographic film
The New Comers	Q185529	pornographic film
The New Devil in Miss Jones	Q185529	pornographic film
The New Erotic Adventures of Casanova	Q185529	pornographic film
The Nicole Stanton Story	Q185529	pornographic film
The Notorious Cleopatra	Q2292320	sexploitation film
The Nurse in the Military Madhouse	Q2991560	sex comedy
The Nurse on a Military Tour	Q2991565	commedia sexy all'italiana
The Office – A XXX Parody	Q16254232, Q185529	pornographic parody film, pornographic film
The Opening of Misty Beethoven	Q185529	pornographic film
The Operation	Q185529	pornographic film
The Ozporns	Q16254232, Q185529	pornographic parody film, pornographic film
The Perils of Gwendoline in the Land of the Yik-Yak	Q2292320	sexploitation film
The Pig Keeper's Daughter	Q2275499	sex film
The Pornographer	Q10505214, Q185529	comedy porn film, pornographic film
The Possession of Mrs. Hyde	Q16254232, Q185529	pornographic parody film, pornographic film
The Preacher's Daughter	Q185529	pornographic film
The Price of an Education	Q185529	pornographic film
The Priestess	Q2292320	sexploitation film
The Prisoner	Q185529	pornographic film
The Private Afternoons of Pamela Mann	Q185529	pornographic film
The Private Gladiator	Q16254232, Q185529	pornographic parody film, pornographic film
The Private Gladiator III: Sexual Conquest	Q16254232, Q185529	pornographic parody film, pornographic film
The Pyramid	Q185529	pornographic film
The Queens of Forbidden Love	Q185529	pornographic film
The Raspberry Reich	Q2275499	sex film
The Ravager	Q2292320	sexploitation film
The Red Door: An Octavia Red Showcase Film	Q185529	pornographic film
The Revealing of Elfie	Q2275499	sex film
The Ribald Tales of Robin Hood	Q2275499	sex film
The Riding School	Q185529	pornographic film
The Rise of the Roman Empress	Q185529	pornographic film
The Rocki Whore Picture Show: A Hardcore Parody	Q16254232, Q185529	pornographic parody film, pornographic film
The Satisfiers of Alpha Blue	Q185529	pornographic film
The Scent of Mathilda	Q185529	pornographic film
The School Teacher	Q2991565	commedia sexy all'italiana
The School Teacher in the House	Q2991565	commedia sexy all'italiana
The Schoolteacher Goes to Boys' High	Q2991560	sex comedy
The Scottish Loveknot	Q185529	pornographic film
The Secret Game of the Immoral Wife	Q1194365	pink film / pinku eiga
The Secret Life of Herbert Dingle	Q185529	pornographic film
The Secret of the Old Hot Spring Inn	Q1194365	pink film / pinku eiga
The Seduction of Amy	Q185529	pornographic film
The Seduction of Inga	Q2292320	sexploitation film
The Sensuous Nurse	Q2991560	sex comedy
The Serial Rape Murderer	Q1194365	pink film / pinku eiga
The Seven Sexy Sins	Q185529	pornographic film
The Sex Clinicret	Q2275499	sex film
The Sex Files – A Dark XXX Parody	Q16254232, Q185529	pornographic parody film, pornographic film
The Sexiest Story Ever Told	Q2292320	sexploitation film
The Sexplorer	Q2292320	sexploitation film
The Sexual Challenges of Hercules	Q185529	pornographic film
The Sexual Liberation of Anna Lee	Q185529	pornographic film
The Sinful Bed	Q2275499	sex film
The Sinful Dwarf	Q185529, Q2275499	pornographic film, sex film
The Single Girls	Q2292320	sexploitation film
The Slave Huntress	Q185529	pornographic film
The Slave Ship	Q1194365, Q185529	pink film / pinku eiga, pornographic film
The Smashing Bird I Used to Know	Q2292320	sexploitation film
The Snow Bunnies	Q2292320	sexploitation film
The Soldier with Great Maneuvers	Q2991565	commedia sexy all'italiana
The Splendor of Hell	Q185529	pornographic film
The Stewardesses	Q2292320	sexploitation film
The Sticky Taste of a Peach-Skinned Proprietess	Q1194365, Q185529	pink film / pinku eiga, pornographic film
The Stink of Flesh	Q2292320	sexploitation film
The Story of Joanna	Q185529	pornographic film
The Submission of Emma Marx	Q185529, Q3461143	pornographic film, BDSM-themed film
The Suckers	Q2292320	sexploitation film
The Surprise of a Knight	Q128145358	gay pornographic film
The Sweetest Taboo	Q185529	pornographic film
The Temptation Of Eve	Q185529	pornographic film
The Texas Vibrator Massacre	Q16254232, Q185529	pornographic parody film, pornographic film
The Thief of Hearts	Q16254232, Q185529	pornographic parody film, pornographic film
The Ticklers	Q2991560	sex comedy
The Tiffany Minx	Q185529	pornographic film
The Touch of Her Flesh	Q2292320	sexploitation film
The Touchables	Q2292320	sexploitation film
The Twilight Zone: Porn Parody	Q185529	pornographic film
The Uranus Experiment	Q185529	pornographic film
The Uranus Experiment: Part I	Q185529	pornographic film
The Uranus Experiment: Part II	Q185529	pornographic film
The Vampire Mistress	Q185529	pornographic film
The Velvet Mafia 1	Q185529	pornographic film
The Velvet Mafia 2	Q185529	pornographic film
The VeneXiana	Q185529	pornographic film
The Vices Of Women	Q185529	pornographic film
The Violation of Jessica Darlin	Q125719481	lesbian pornographic film
The Virgin with the Hot Pants	Q185529, Q4373044	pornographic film, cartoon pornography
The Visitors	Q185529	pornographic film
The Voyeuse	Q185529	pornographic film
The Walking Dead: A Hardcore Parody	Q16254232, Q185529	pornographic parody film, pornographic film
The White Boxxx Vol. 10	Q185529	pornographic film
The Whore Of Wall Street	Q185529	pornographic film
The Wife Swappers	Q2292320	sexploitation film
The Wild Females	Q2292320	sexploitation film
The World of Geisha	Q1194365	pink film / pinku eiga
The World's Biggest Gang Bang III – The Houston 620	Q185529	pornographic film
The XXXorcist	Q16254232, Q185529	pornographic parody film, pornographic film
The Young Marrieds	Q185529	pornographic film
There's No Sex Like Snow Sex	Q2275499, Q84041	sex film, Bavarian porn
They Come In Peace	Q185529	pornographic film
This Ain't American Horror Story XXX	Q185529	pornographic film
This Ain't Avatar XXX	Q16254232, Q185529	pornographic parody film, pornographic film
This Ain't Avatar XXX 2: Escape From Pandwhora	Q16254232, Q185529	pornographic parody film, pornographic film
This Ain't Beverly Hills 90210 XXX	Q16254232, Q185529	pornographic parody film, pornographic film
This Ain't Charmed XXX	Q16254232, Q185529	pornographic parody film, pornographic film
This Ain't Die Hard XXX	Q16254232, Q185529	pornographic parody film, pornographic film
This Ain't Fallout XXX	Q185529	pornographic film
This Ain't Fast & Furious XXX	Q185529	pornographic film
This Ain't Ghostbusters XXX	Q16254232, Q185529	pornographic parody film, pornographic film
This Ain't Glee XXX	Q16254232, Q185529	pornographic parody film, pornographic film
This Ain't Happy Days XXX	Q185529	pornographic film
This Ain't Happy Days XXX: Fonzie Luvs Pinky	Q185529	pornographic film
This Ain't Homeland XXX	Q16254232	pornographic parody film
This Ain't I Dream of Jeannie XXX	Q185529	pornographic film
This Ain't Jaws XXX	Q16254232, Q185529	pornographic parody film, pornographic film
This Ain't Lady Gaga XXX: This Is a Parody	Q16254232	pornographic parody film
This Ain't Modern Family XXX	Q16254232, Q185529	pornographic parody film, pornographic film
This Ain't Nurse Jackie XXX	Q185529	pornographic film
This Ain't Star Trek 3 XXX: This Is a Parody	Q16254232, Q185529	pornographic parody film, pornographic film
This Ain't Star Trek XXX	Q16254232, Q185529	pornographic parody film, pornographic film
This Ain't Star Trek XXX 2: The Butterfly Effect	Q16254232, Q185529	pornographic parody film, pornographic film
This Ain't Supernatural XXX	Q185529	pornographic film
This Ain't Terminator XXX	Q16254232, Q185529	pornographic parody film, pornographic film
This Ain't the Expendables XXX	Q16254232, Q185529	pornographic parody film, pornographic film
This Ain't the Golden Girls XXX	Q185529	pornographic film
This Ain't the Interview XXX	Q185529	pornographic film
This Ain't the Munsters XXX	Q185529	pornographic film
This Ain't the Smurfs XXX	Q185529	pornographic film
This Ain't Two and a Half Men XXX	Q185529	pornographic film
This Isn't Twilight: The XXX Parody	Q16254232, Q185529	pornographic parody film, pornographic film
Thor XXX: An Axel Braun Parody	Q16254232	pornographic parody film
Those Lynn Girls	Q185529	pornographic film
Those Young Girls	Q185529	pornographic film
Three Bavarians in Bangkok	Q2275499	sex film
Three Lederhosen in St. Tropez	Q2275499, Q84041	sex film, Bavarian porn
Three's a crowd	Q128145862	gay erotic film
Three Swedes in Upper Bavaria	Q2275499, Q84041	sex film, Bavarian porn
Three Weeks of Intense Pleasure	Q185529	pornographic film
Throat: A Cautionary Tale	Q185529	pornographic film
Throat Gaggers	Q185529	pornographic film
Through the Looking Glass	Q185529	pornographic film
Thundercrack!	Q185529	pornographic film
Ticked-Off Trannies with Knives	Q2292320	sexploitation film
Tight Teens 1	Q185529	pornographic film
Tight Teens 11	Q185529	pornographic film
Tight Teens 12	Q185529	pornographic film
Tight Teens 4	Q185529	pornographic film
Tight Teens 7	Q185529	pornographic film
Tight Teens 8	Q185529	pornographic film
Time Adventure: Zeccho 5-byo Mae	Q1194365, Q185529	pink film / pinku eiga, pornographic film
Times Square Comes Alive	Q185529	pornographic film
Titwoman Vs Titwoman	Q125719481, Q185529	lesbian pornographic film, pornographic film
To Ingrid, My Love, Lisa	Q185529	pornographic film
To the Last Man	Q128145358	gay pornographic film
Tokyo Decadence	Q1194365, Q185529	pink film / pinku eiga, pornographic film
Tokyo Emmanuelle	Q1194365	pink film / pinku eiga
Tonight for Sure	Q185529, Q2292320	pornographic film, sexploitation film
Tonight's Girlfriend	Q185529	pornographic film
Tonight's Girlfriend 10	Q185529	pornographic film
Tonight's Girlfriend 11	Q185529	pornographic film
Tonight's Girlfriend 12	Q185529	pornographic film
Tonight's Girlfriend 13	Q185529	pornographic film
Tonight's Girlfriend 14	Q185529	pornographic film
Tonight's Girlfriend 15	Q185529	pornographic film
Tonight's Girlfriend 16	Q185529	pornographic film
Tonight's Girlfriend 17	Q185529	pornographic film
Tonight's Girlfriend 18	Q185529	pornographic film
Tonight's Girlfriend 19	Q185529	pornographic film
Tonight's Girlfriend 2	Q185529	pornographic film
Tonight's Girlfriend 20	Q185529	pornographic film
Tonight's Girlfriend 21	Q185529	pornographic film
Tonight's Girlfriend 22	Q185529	pornographic film
Tonight's Girlfriend 23	Q185529	pornographic film
Tonight's Girlfriend 24	Q185529	pornographic film
Tonight's Girlfriend 25	Q185529	pornographic film
Tonight's Girlfriend 26	Q185529	pornographic film
Tonight's Girlfriend 27	Q185529	pornographic film
Tonight's Girlfriend 28	Q185529	pornographic film
Tonight's Girlfriend 29	Q185529	pornographic film
Tonight's Girlfriend 3	Q185529	pornographic film
Tonight's Girlfriend 30	Q185529	pornographic film
Tonight's Girlfriend 31	Q185529	pornographic film
Tonight's Girlfriend 32	Q185529	pornographic film
Tonight's Girlfriend 33	Q185529	pornographic film
Tonight's Girlfriend 34	Q185529	pornographic film
Tonight's Girlfriend 4	Q185529	pornographic film
Tonight's Girlfriend 5	Q185529	pornographic film
Tonight's Girlfriend 6	Q185529	pornographic film
Tonight's Girlfriend 7	Q185529	pornographic film
Tonight's Girlfriend 8	Q185529	pornographic film
Tonight's Girlfriend 9	Q185529	pornographic film
Too Hot to Touch	Q185529	pornographic film
Too naughty to say no	Q185529	pornographic film
Top Guns	Q185529	pornographic film
Tori Black Is Pretty Filthy	Q185529	pornographic film
Total Corruption	Q128145358	gay pornographic film
Traci, I Love You	Q185529	pornographic film
Traci Takes Tokyo	Q185529	pornographic film
Trader Hornee	Q2292320	sexploitation film
Tradimenti all'italiana	Q185529	pornographic film
Train spécial pour SS	Q2292320	sexploitation film
Transfixed 6	Q185529	pornographic film
Transgendered Bosses	Q185529	pornographic film
Trashy Lady	Q185529	pornographic film
Treasure Ship: Latitudes of Lust	Q1194365	pink film / pinku eiga
Triple Climax: Sannin no onna-tachi	Q1194365	pink film / pinku eiga
Truck Stop Women	Q185529, Q2292320	pornographic film, sexploitation film
True Anal Addiction	Q185529	pornographic film
Try It, You'll Like It	Q2275499	sex film
Tsuki to neru onna: Matagura no omokage	Q1194365	pink film / pinku eiga
Tsumugi	Q1194365, Q185529	pink film / pinku eiga, pornographic film
Tsunami	Q2991560	sex comedy
Tsundere musume: Okute na shotaiken	Q1194365	pink film / pinku eiga
Tsurekomu onna: Shita gari bocchi	Q1194365	pink film / pinku eiga
Tumbling Doll of Flesh	Q185529	pornographic film
Turn Me On, Dammit!	Q2991560	sex comedy
Twilight Dinner	Q1194365, Q185529	pink film / pinku eiga, pornographic film
Twisted Love	Q185529	pornographic film
Twitch – You Are My Toy	Q1194365, Q185529	pink film / pinku eiga, pornographic film
Two Bitches	Q2292320	sexploitation film
Two Women	Q185529	pornographic film
Uden en trævl	Q185529	pornographic film
Ukiyo-e Cruel Story	Q1194365, Q185529	pink film / pinku eiga, pornographic film
Una rajita para dos	Q185529	pornographic film
Uncle's Paradise	Q1194365	pink film / pinku eiga
Uncovered: Tales of the Naked Theater Part 2	Q1194365	pink film / pinku eiga
Under The Veil	Q125719481, Q185529	lesbian pornographic film, pornographic film
Underwater Love	Q1194365	pink film / pinku eiga
Underwear Metamorphosis	Q1194365	pink film / pinku eiga
Underworld	Q185529	pornographic film
Unleashed Perversions of Emanuelle	Q185529	pornographic film
Unwilling Lovers	Q185529	pornographic film
Up! 1976	Q2292320	sexploitation film
Up! 1983	Q2292320	sexploitation film
Up! 1986	Q2292320	sexploitation film
Up! 1987	Q2292320	sexploitation film
Up and Cummers 100	Q185529	pornographic film
Up Front	Q128145358	gay pornographic film
Up in Flames	Q185529	pornographic film
Upload	Q185529	pornographic film
Urlaubsgrüße aus dem Unterhöschen	Q2275499, Q2991560, Q84041	sex film, sex comedy, Bavarian porn
Utae! Love Song Furete G Kôdo	Q1194365	pink film / pinku eiga
V: The Hot One	Q185529	pornographic film
Vacation Temptations	Q2275499	sex film
Valentin, Pierre & Catalina	Q185529	pornographic film
Valentina… The Virgin Wife	Q2991565	commedia sexy all'italiana
Vanessa	Q2292320	sexploitation film
Varietease	Q2292320	sexploitation film
Varsity Playthings	Q2275499	sex film
Veil 1990	Q185529	pornographic film
Venus in Furs	Q2292320	sexploitation film
Verführung auf der Schulbank	Q2275499	sex film
Vermilion	Q1194365	pink film / pinku eiga
Victims of Vice	Q2275499	sex film
Vietnamese Lady	Q185529	pornographic film
Viking Legend	Q185529	pornographic film
Violated Angels	Q1194365, Q185529	pink film / pinku eiga, pornographic film
Violated Paradise	Q2292320	sexploitation film
Violence in a Women's Prison	Q2292320	sexploitation film
Virgin Concerto	Q1194365	pink film / pinku eiga
Virgin Ghost: Cum at The End of The World!	Q1194365	pink film / pinku eiga
Virgin Report	Q2275499	sex film
Virgin Rope Makeover	Q1194365	pink film / pinku eiga
Virgin Witch	Q2292320	sexploitation film
Virginia's Story	Q185529	pornographic film
Virility	Q185529	pornographic film
Virtual Desire	Q185529	pornographic film
Virtual Encounters	Q185529	pornographic film
Virtual Sex	Q185529	pornographic film
Vision	Q185529	pornographic film
Visions	Q185529	pornographic film
Vista Valley P.T.A.	Q185529, Q2275499	pornographic film, sex film
Viva 2007	Q2292320	sexploitation film
Viva Vanessa	Q185529	pornographic film
Vixen!	Q2292320	sexploitation film
Voluptés particulières	Q185529	pornographic film
Voluptuous Vixens	Q2275499	sex film
Waitress!	Q2292320	sexploitation film
Wakefield Poole's Bible	Q185529	pornographic film
Wanda Whips Wall Street	Q185529	pornographic film
Wanderlust	Q185529	pornographic film
Wank Parties Plus from Prague 10	Q185529	pornographic film
Wank Parties Plus from Prague 13	Q185529	pornographic film
Wank Parties Plus from Prague Vol. 14	Q185529	pornographic film
Wanted	Q185529	pornographic film
Wanted: For Forced Entry	Q1194365	pink film / pinku eiga
Wasteland	Q185529	pornographic film
Watcher in the Attic	Q1194365	pink film / pinku eiga
Watchers	Q185529	pornographic film
Water Power	Q185529	pornographic film
Weekends of a Perverted Couple	Q185529	pornographic film
Wenn Mädchen zum Manöver blasen	Q2275499	sex film
Wet Lips	Q185529	pornographic film
Wet Weekend	Q1194365, Q185529	pink film / pinku eiga, pornographic film
Wet Wilderness	Q185529	pornographic film
Wetwork	Q185529	pornographic film
What Gets Me Hot!	Q185529	pornographic film
What Price Innocence?	Q2292320	sexploitation film
What's Up Nurse!	Q2292320	sexploitation film
What's Up Superdoc!	Q2292320	sexploitation film
What the Butler Saw	Q185529	pornographic film
When Will You Marry?	Q3461143	BDSM-themed film
When Women Were Called Virgins	Q2275499	sex film
Where Can You Go Without the Little Vice?	Q2991565	commedia sexy all'italiana
Where the Boys Are '84	Q2991560	sex comedy
Whirlpool	Q185529	pornographic film
Whispered Lies	Q185529	pornographic film
Whispers of Vengeance	Q1194365	pink film / pinku eiga
White Lily	Q1194365	pink film / pinku eiga
White Slave Virgins	Q185529	pornographic film
Who's Nailin' Paylin?	Q16254232, Q185529	pornographic parody film, pornographic film
Who Stole Roger Rabbit?	Q16254232, Q185529	pornographic parody film, pornographic film
Whore Angels	Q1194365	pink film / pinku eiga
Whore of the Rings 2	Q185529	pornographic film
Whorehouse	Q185529	pornographic film
Whorrey Potter and the Sorcerer's Balls	Q128145358, Q16254232	gay pornographic film, pornographic parody film
Why? 1971	Q185529	pornographic film
Wicked One	Q185529	pornographic film
Widow's Perverted Hell	Q1194365, Q185529	pink film / pinku eiga, pornographic film
Wife Taxi: Crowded with Big Tits	Q1194365, Q185529	pink film / pinku eiga, pornographic film
Wife to Be Sacrificed	Q1194365	pink film / pinku eiga
Wild Gals of the Naked West	Q185529	pornographic film
Wild Things: Foursome	Q2292320	sexploitation film
Wo der Wildbach durch das Höschen rauscht - Witwen-Report	Q2275499, Q84041	sex film, Bavarian porn
Wolverine XXX - An Axel Braun XXX Parody	Q16254232	pornographic parody film
Woman-Hungry Workshop	Q185529	pornographic film
Woman in Love: A Story of Madame Bovary	Q185529	pornographic film
Woman on the Night Train	Q1194365	pink film / pinku eiga
Woman Who Exposes Herself	Q1194365, Q185529	pink film / pinku eiga, pornographic film
Woman with Pierced Nipples	Q1194365	pink film / pinku eiga
Woman with Red Hair	Q1194365, Q185529	pink film / pinku eiga, pornographic film
Women in Cages	Q2292320	sexploitation film
Women in Cellblock 9	Q2292320	sexploitation film
Women of the World	Q185529	pornographic film
Women... Oh, Women!	Q1194365	pink film / pinku eiga
Wonder Woman XXX: An Axel Braun Parody	Q16254232	pornographic parody film
World Cup	Q185529	pornographic film
Worlds Biggest Gang Bang	Q185529	pornographic film
X Amat: Special Blacks	Q185529	pornographic film
X-Men XXX: An Axel Braun Parody	Q16254232	pornographic parody film
Xcalibur 2: The Lords of Sex	Q185529	pornographic film
Xcalibur 3: The Lords of Sex	Q185529	pornographic film
Xcalibur: The Lords of Sex	Q16254232, Q185529	pornographic parody film, pornographic film
Xena XXX: An Exquisite Films Parody	Q16254232, Q185529	pornographic parody film, pornographic film
Xero 2010	Q125719481, Q3461143	lesbian pornographic film, BDSM-themed film
Xmas Special: Luna Love	Q185529	pornographic film
XXX Trek: The Final Orgasm	Q16254232, Q185529	pornographic parody film, pornographic film
XYZ 2000	Q185529	pornographic film
Y2KAGE	Q185529	pornographic film
Yellow Emanuelle	Q2292320	sexploitation film
Yes Chief	Q185529	pornographic film
Yes, God, Yes	Q2991560	sex comedy
Yodeling Under the Dirndl	Q2275499, Q84041	sex film, Bavarian porn
Yoga Girls 1	Q185529	pornographic film
Yoga Girls 2	Q185529	pornographic film
Yoga Girls 3	Q185529	pornographic film
Yoga Girls 4	Q185529	pornographic film
Yojōhan monogatari: Shōfu shino	Q1194365	pink film / pinku eiga
Yokubô ni kurutta aijû-tachi	Q1194365	pink film / pinku eiga
You Ruined My Hair	Q185529	pornographic film
Young Girls in Ecstasy	Q2275499	sex film
Young Girls Like it Hot, Housewives Even Hotter	Q2275499	sex film
Yûwaku tsuma monogatari: Nureta hitosashi yubi	Q1194365	pink film / pinku eiga
Yûwaku tsutome-guchi: Meiki no oshi-goto	Q1194365	pink film / pinku eiga
Zajtrk petelinov	Q16254232, Q185529	pornographic parody film, pornographic film
Zazel 1996	Q185529	pornographic film
Zodiac Rapist	Q185529	pornographic film
Zokkon heels	Q1194365	pink film / pinku eiga
Zombie Slayers	Q185529	pornographic film
Zomboyashchik	Q2991560	sex comedy
Zoom In: Rape Apartments	Q1194365	pink film / pinku eiga
Zoom Up: Rape Site	Q1194365, Q185529	pink film / pinku eiga, pornographic film
Zuma: Tales of a Sexual Gladiator	Q185529	pornographic film
